,variable,value,Actor
0,0,<WikipediaPage 'Avengers: Endgame'>,"['Robert Downey Jr.', 'Chris Evans', 'Mark Ruffalo', 'Chris Hemsworth', 'Scarlett Johansson', 'Jeremy Renner', 'Don Cheadle', 'Paul Rudd', 'Brie Larson', 'Karen Gillan', 'Danai Gurira', 'Benedict Wong', 'Jon Favreau', 'Bradley Cooper', 'Gwyneth Paltrow', 'Josh Brolin']"
1,0,<WikipediaPage 'Rush Hour 3'>,"['Jackie Chan', 'Chris Tucker', 'Hiroyuki Sanada', 'Noémie Lenoir', 'Yvan Attal', 'Youki Kudoh', 'Max von Sydow']"
2,0,<WikipediaPage 'Angels & Demons'>,keyerror
3,0,<WikipediaPage 'The Bourne Legacy (film)'>,"['Jeremy Renner', 'Rachel Weisz', 'Edward Norton', 'Albert Finney', 'Joan Allen', 'Stacey Keach', 'Oscar Isaac', 'Scott Glenn']"
4,0,<WikipediaPage 'Lemony Snicket's A Series of Unfortunate Events'>,"['Jim Carrey', 'Jude Law', 'Liam Aiken', 'Emily Browning', 'Timothy Spall', ""Catherine O'Hara"", 'Billy Connolly', 'Cedric the Entertainer', 'Luis Guzmán', 'Jennifer Coolidge', 'Meryl Streep']"
5,0,<WikipediaPage 'Lara Croft: Tomb Raider'>,"['Angelina Jolie', 'Jon Voight', 'Iain Glen', 'Noah Taylor', 'Daniel Craig']"
6,1,<WikipediaPage 'Pirates of the Caribbean: On Stranger Tides'>,"['Johnny Depp', 'Penélope Cruz', 'Ian McShane', 'Kevin R. McNally', 'Geoffrey Rush']"
7,1,<WikipediaPage 'The Legend of Tarzan (film)'>,"['Alexander Skarsgård', 'Samuel L. Jackson', 'Margot Robbie', 'Djimon Hounsou', 'Jim Broadbent', 'Christoph Waltz']"
8,1,<WikipediaPage 'Troy'>,keyerror
9,1,<WikipediaPage 'Batman & Robin (film)'>,"['Arnold Schwarzenegger', 'George Clooney', ""Chris O'Donnell"", 'Uma Thurman', 'Alicia Silverstone', 'Michael Gough', 'Pat Hingle', 'Elle Macpherson']"
10,1,<WikipediaPage 'The Wolf of Wall Street (2013 film)'>,"['Jonah Hill', 'Margot Robbie', 'Matthew McConaughey', 'Kyle Chandler', 'Rob Reiner', 'Jon Favreau', 'Jean Dujardin', 'Jon Bernthal']"
11,1,<WikipediaPage 'Now You See Me 2'>,"['Jesse Eisenberg', 'Mark Ruffalo', 'Woody Harrelson', 'Dave Franco', 'Daniel Radcliffe', 'Lizzy Caplan', 'Jay Chou', 'Sanaa Lathan', 'Michael Caine', 'Morgan Freeman']"
12,2,<WikipediaPage 'Avengers: Age of Ultron'>,"['Robert Downey Jr.', 'Chris Hemsworth', 'Mark Ruffalo', 'Chris Evans', 'Scarlett Johansson', 'Jeremy Renner', 'Don Cheadle', 'Aaron Taylor-Johnson', 'Elizabeth Olsen', 'Paul Bettany', 'Cobie Smulders', 'Anthony Mackie', 'Hayley Atwell', 'Idris Elba', 'Stellan Skarsgård', 'James Spader', 'Samuel L. Jackson']"
13,2,error,error
14,2,<WikipediaPage 'Avatar: The Last Airbender'>,keyerror
15,2,<WikipediaPage 'Skyscraper'>,error
16,2,error,error
17,2,<WikipediaPage 'Spy Game'>,"['Robert Redford', 'Brad Pitt', 'Catherine McCormack', 'Stephen Dillane', 'Larry Bryggman']"
18,3,<WikipediaPage 'Star Wars: The Force Awakens'>,"['Harrison Ford', 'Mark Hamill', 'Carrie Fisher', 'Adam Driver', 'Daisy Ridley', 'John Boyega', 'Oscar Isaac', ""Lupita Nyong'o"", 'Andy Serkis', 'Domhnall Gleeson', 'Anthony Daniels', 'Peter Mayhew', 'Max von Sydow']"
19,3,<WikipediaPage 'Valerian and the City of a Thousand Planets'>,"['Dane DeHaan', 'Cara Delevingne', 'Clive Owen', 'Rihanna', 'Ethan Hawke', 'Herbie Hancock', 'Kris Wu', 'Rutger Hauer']"
20,3,<WikipediaPage 'Bee Movie'>,"['Renée Zellweger', 'Matthew Broderick', 'John Goodman', 'Patrick Warburton', 'Chris Rock']"
21,3,<WikipediaPage 'The Call of the Wild'>,keyerror
22,3,<WikipediaPage 'Eraser'>,error
23,3,error,error
24,4,<WikipediaPage 'Avengers: Infinity War'>,"['Robert Downey Jr.', 'Chris Hemsworth', 'Mark Ruffalo', 'Chris Evans', 'Scarlett Johansson', 'Benedict Cumberbatch', 'Don Cheadle', 'Tom Holland', 'Chadwick Boseman', 'Paul Bettany', 'Elizabeth Olsen', 'Anthony Mackie', 'Sebastian Stan', 'Danai Gurira', 'Letitia Wright', 'Dave Bautista', 'Zoe Saldana', 'Josh Brolin', 'Chris Pratt']"
25,4,<WikipediaPage 'Jupiter Ascending'>,"['Mila Kunis', 'Channing Tatum', 'Sean Bean', 'Eddie Redmayne', 'Douglas Booth']"
26,4,<WikipediaPage 'G-force'>,error
27,4,<WikipediaPage 'Total Recall (1990 film)'>,"['Arnold Schwarzenegger', 'Rachel Ticotin', 'Sharon Stone', 'Michael Ironside', 'Ronny Cox']"
28,4,<WikipediaPage 'The Hunchback of Notre-Dame'>,keyerror
29,4,<WikipediaPage 'Mission to Mars'>,"['Gary Sinise', 'Don Cheadle', 'Connie Nielsen', ""Jerry O'Connell"", 'Kim Delaney', 'Tim Robbins']"
30,5,<WikipediaPage 'Pirates of the Caribbean: At World's End'>,"['Johnny Depp', 'Orlando Bloom', 'Keira Knightley', 'Stellan Skarsgård', 'Bill Nighy', 'Chow Yun-fat', 'Geoffrey Rush', 'Jack Davenport', 'Kevin R. McNally', 'Jonathan Pryce']"
31,5,<WikipediaPage 'Mission: Impossible – Fallout'>,"['Henry Cavill', 'Ving Rhames', 'Simon Pegg', 'Rebecca Ferguson', 'Sean Harris', 'Angela Bassett', 'Michelle Monaghan', 'Alec Baldwin']"
32,5,error,error
33,5,<WikipediaPage 'Assassin's Creed'>,keyerror
34,5,<WikipediaPage 'The Emperor's New Groove'>,"['David Spade', 'John Goodman', 'Eartha Kitt', 'Patrick Warburton', 'Wendie Malick']"
35,5,<WikipediaPage 'Tomb Raider'>,keyerror
36,6,<WikipediaPage 'Justice League'>,keyerror
37,6,<WikipediaPage 'X-Men: Apocalypse'>,"['James McAvoy', 'Michael Fassbender', 'Jennifer Lawrence', 'Oscar Isaac', 'Nicholas Hoult', 'Rose Byrne', 'Tye Sheridan', 'Sophie Turner', 'Olivia Munn', 'Lucas Till']"
38,6,<WikipediaPage 'Wrath of the Titans'>,"['Sam Worthington', 'Rosamund Pike', 'Bill Nighy', 'Édgar Ramírez', 'Toby Kebbell', 'Danny Huston', 'Ralph Fiennes', 'Liam Neeson']"
39,6,<WikipediaPage 'Monster truck'>,error
40,6,<WikipediaPage 'The Expendables 2'>,"['Jason Statham', 'Jet Li', 'Dolph Lundgren', 'Chuck Norris', 'Jean-Claude Van Damme', 'Bruce Willis', 'Arnold Schwarzenegger', 'Terry Crews', 'Randy Couture', 'Liam Hemsworth', 'Scott Adkins', 'Amanda Ooms', 'Charisma Carpenter']"
41,6,<WikipediaPage 'Bicentennial Man (film)'>,"['Robin Williams', 'Sam Neill', 'Embeth Davidtz', 'Wendy Crewson', 'Oliver Platt']"
42,7,<WikipediaPage 'SPECTRE'>,keyerror
43,7,<WikipediaPage 'The Meg'>,"['Jason Statham', 'Li Bingbing', 'Rainn Wilson', 'Ruby Rose', 'Winston Chao', 'Cliff Curtis']"
44,7,<WikipediaPage 'Beowulf'>,keyerror
45,7,<WikipediaPage 'The 13th Warrior'>,"['Antonio Banderas', 'Diane Venora', 'Omar Sharif']"
46,7,<WikipediaPage 'Where the Wild Things Are'>,keyerror
47,7,<WikipediaPage 'King Arthur'>,error
48,8,<WikipediaPage 'Star Wars: The Rise of Skywalker'>,"['Carrie Fisher', 'Mark Hamill', 'Adam Driver', 'Daisy Ridley', 'John Boyega', 'Oscar Isaac', 'Anthony Daniels', 'Naomi Ackie', 'Domhnall Gleeson', 'Richard E. Grant', ""Lupita Nyong'o"", 'Keri Russell', 'Joonas Suotamo', 'Kelly Marie Tran', 'Ian McDiarmid', 'Billy Dee Williams']"
49,8,<WikipediaPage 'Edge of Tomorrow'>,"['Tom Cruise', 'Emily Blunt', 'Bill Paxton', 'Brendan Gleeson']"
50,8,<WikipediaPage 'Dark Shadows'>,"['Joan Bennett', 'Louis Edmonds', 'Nancy Barrett', 'Mitchell Ryan', 'Alexandra Moltke', 'Grayson Hall', 'Kate Jackson', 'Jonathan Frid', 'Kathryn Leigh Scott', 'David Selby', 'Lara Parker', 'Thayer David', 'John Karlen']"
51,8,<WikipediaPage 'How the Grinch Stole Christmas!'>,keyerror
52,8,<WikipediaPage 'Eragon'>,keyerror
53,8,<WikipediaPage 'Volcano'>,error
54,9,<WikipediaPage 'Solo: A Star Wars Story'>,"['Alden Ehrenreich', 'Woody Harrelson', 'Emilia Clarke', 'Donald Glover', 'Thandiwe Newton', 'Phoebe Waller-Bridge', 'Joonas Suotamo', 'Paul Bettany']"
55,9,<WikipediaPage 'Captain Marvel (film)'>,"['Brie Larson', 'Samuel L. Jackson', 'Ben Mendelsohn', 'Djimon Hounsou', 'Lee Pace', 'Lashana Lynch', 'Gemma Chan', 'Annette Bening', 'Clark Gregg', 'Jude Law']"
56,9,<WikipediaPage 'White House Down'>,"['Channing Tatum', 'Jamie Foxx', 'Maggie Gyllenhaal', 'Jason Clarke', 'Richard Jenkins', 'James Woods']"
57,9,<WikipediaPage 'Mission: Impossible 2'>,"['Dougray Scott', 'Thandiwe Newton', 'Richard Roxburgh', 'John Polson', 'Brendan Gleeson', 'Rade Šerbedžija', 'Ving Rhames']"
58,9,<WikipediaPage 'Hercules'>,keyerror
59,9,<WikipediaPage 'The Devil's Own'>,"['Harrison Ford', 'Brad Pitt', 'Margaret Colin', 'Rubén Blades', 'Treat Williams', 'George Hearn']"
60,10,<WikipediaPage 'John Carter (film)'>,"['Taylor Kitsch', 'Lynn Collins', 'Samantha Morton', 'Mark Strong', 'Ciarán Hinds', 'Dominic West', 'James Purefoy', 'Willem Dafoe']"
61,10,<WikipediaPage 'The Jungle Book'>,keyerror
62,10,<WikipediaPage 'The Wolfman (2010 film)'>,"['Anthony Hopkins', 'Emily Blunt', 'Hugo Weaving']"
63,10,<WikipediaPage 'The Perfect Storm (film)'>,"['George Clooney', 'Mark Wahlberg', 'Diane Lane', 'John Hawkes', 'William Fichtner', 'Karen Allen', 'Bob Gunton', 'Mary Elizabeth Mastrantonio', 'John C. Reilly']"
64,10,error,error
65,10,<WikipediaPage 'K-19: The Widowmaker'>,"['Harrison Ford', 'Liam Neeson', 'Peter Sarsgaard']"
66,11,<WikipediaPage 'Batman v Superman: Dawn of Justice'>,"['Ben Affleck', 'Henry Cavill', 'Amy Adams', 'Jesse Eisenberg', 'Diane Lane', 'Laurence Fishburne', 'Jeremy Irons', 'Holly Hunter', 'Gal Gadot']"
67,11,<WikipediaPage 'Inside Out (2015 film)'>,"['Amy Poehler', 'Phyllis Smith', 'Richard Kind', 'Lewis Black', 'Bill Hader', 'Mindy Kaling', 'Diane Lane', 'Kyle MacLachlan']"
68,11,<WikipediaPage 'Great Wall of China'>,keyerror
69,11,<WikipediaPage 'Jason Bourne'>,keyerror
70,11,<WikipediaPage 'End of Days (film)'>,"['Arnold Schwarzenegger', 'Gabriel Byrne', 'Kevin Pollak', 'Robin Tunney', 'Rod Steiger']"
71,11,<WikipediaPage 'Conan the Barbarian'>,keyerror
72,12,<WikipediaPage 'The Lion King'>,"['Matthew Broderick', 'Jonathan Taylor Thomas', 'James Earl Jones', 'Jeremy Irons', 'Moira Kelly', 'Ernie Sabella', 'Nathan Lane', 'Robert Guillaume', 'Rowan Atkinson', 'Whoopi Goldberg', 'Cheech Marin', 'Jim Cummings', 'Madge Sinclair']"
73,12,<WikipediaPage 'Spider-Man: Homecoming'>,"['Tom Holland', 'Michael Keaton', 'Jon Favreau', 'Gwyneth Paltrow', 'Zendaya', 'Donald Glover', 'Jacob Batalon', 'Laura Harrier', 'Tony Revolori', 'Bokeem Woodbine', 'Tyne Daly', 'Marisa Tomei', 'Robert Downey Jr.']"
74,12,error,error
75,12,<WikipediaPage 'Fantastic Four: Rise of the Silver Surfer'>,"['Ioan Gruffudd', 'Jessica Alba', 'Chris Evans', 'Michael Chiklis', 'Julian McMahon', 'Kerry Washington', 'Andre Braugher', 'Beau Garrett', 'Doug Jones', 'Laurence Fishburne']"
76,12,<WikipediaPage 'Spies in Disguise'>,"['Will Smith', 'Tom Holland', 'Rashida Jones', 'Ben Mendelsohn', 'Reba McEntire', 'Rachel Brosnahan', 'Karen Gillan', 'DJ Khaled', 'Masi Oka']"
77,12,<WikipediaPage 'The Three Musketeers'>,keyerror
78,13,<WikipediaPage 'Tangled'>,"['Mandy Moore', 'Zachary Levi', 'Donna Murphy']"
79,13,<WikipediaPage 'The Suicide Squad (film)'>,"['Margot Robbie', 'Idris Elba', 'John Cena', 'Joel Kinnaman', 'Sylvester Stallone', 'Viola Davis', 'Jai Courtney', 'Peter Capaldi']"
80,13,<WikipediaPage 'Space Jam: A New Legacy'>,"['Don Cheadle', 'Sonequa Martin-Green', 'Jeff Bergman', 'Eric Bauza', 'Zendaya']"
81,13,<WikipediaPage 'Life of Pi'>,keyerror
82,13,<WikipediaPage 'The Stepford Wives'>,keyerror
83,13,<WikipediaPage 'Promise'>,error
84,14,<WikipediaPage 'Spider-Man 3'>,"['Tobey Maguire', 'Kirsten Dunst', 'James Franco', 'Thomas Haden Church', 'Topher Grace', 'Bryce Dallas Howard', 'James Cromwell', 'Rosemary Harris', 'J. K. Simmons']"
85,14,error,error
86,14,<WikipediaPage 'Mars Needs Moms'>,"['Seth Green', 'Dan Fogler', 'Tom Everett Scott', 'Elisabeth Harnois', 'Mindy Sterling', 'Joan Cusack', 'Dee Bradley Baker']"
87,14,<WikipediaPage 'Ghost Rider'>,keyerror
88,14,<WikipediaPage 'Surf's Up (film)'>,"['Shia LaBeouf', 'Jeff Bridges', 'Zooey Deschanel', 'Jon Heder', 'James Woods', 'Diedrich Bader']"
89,14,<WikipediaPage 'The Nutcracker in 3D'>,"['Elle Fanning', 'Nathan Lane', 'Frances de la Tour', 'John Turturro', 'Richard E. Grant', 'Julia Vysotskaya']"
90,15,<WikipediaPage 'Captain America: Civil War'>,"['Chris Evans', 'Robert Downey Jr.', 'Scarlett Johansson', 'Sebastian Stan', 'Anthony Mackie', 'Don Cheadle', 'Jeremy Renner', 'Chadwick Boseman', 'Paul Bettany', 'Elizabeth Olsen', 'Paul Rudd', 'Emily VanCamp', 'Tom Holland', 'Frank Grillo', 'William Hurt', 'Daniel Brühl']"
91,15,error,error
92,15,<WikipediaPage 'Interpol notice'>,error
93,15,error,error
94,15,<WikipediaPage 'Blood Diamond'>,"['Leonardo DiCaprio', 'Jennifer Connelly', 'Djimon Hounsou', 'Michael Sheen', 'Arnold Vosloo']"
95,15,error,error
96,16,<WikipediaPage 'Harry Potter and the Half-Blood Prince (film)'>,"['Daniel Radcliffe', 'Rupert Grint', 'Emma Watson', 'Jim Broadbent', 'Helena Bonham Carter', 'Robbie Coltrane', 'Warwick Davis', 'Michael Gambon', 'Alan Rickman', 'Maggie Smith', 'Timothy Spall', 'David Thewlis', 'Julie Walters']"
97,16,<WikipediaPage 'Ralph Breaks the Internet'>,"['John C. Reilly', 'Sarah Silverman', 'Gal Gadot', 'Taraji P. Henson', 'Jack McBrayer', 'Jane Lynch', 'Alan Tudyk', 'Alfred Molina', ""Ed O'Neill""]"
98,16,<WikipediaPage 'Moonfall (film)'>,"['Halle Berry', 'Patrick Wilson', 'John Bradley', 'Charlie Plummer', 'Michael Peña', 'Donald Sutherland']"
99,16,<WikipediaPage 'Charlie's Angels: Full Throttle'>,"['Cameron Diaz', 'Lucy Liu', 'Bernie Mac', 'Crispin Glover', 'Justin Theroux', 'Robert Patrick', 'Demi Moore']"
100,16,error,error
101,16,<WikipediaPage 'Army of the Dead'>,"['Dave Bautista', 'Ella Purnell', 'Omari Hardwick', 'Ana de la Reguera', 'Theo Rossi', 'Matthias Schweighöfer', 'Nora Arnezeder', 'Hiroyuki Sanada', 'Tig Notaro', 'Raúl Castillo', 'Huma Qureshi', 'Garret Dillahunt']"
102,17,<WikipediaPage 'The Hobbit: The Desolation of Smaug'>,"['Ian McKellen', 'Martin Freeman', 'Richard Armitage', 'Benedict Cumberbatch', 'Evangeline Lilly', 'Lee Pace', 'Luke Evans', 'Ken Stott', 'James Nesbitt', 'Orlando Bloom']"
103,17,<WikipediaPage 'Monsters vs. Aliens'>,"['Reese Witherspoon', 'Seth Rogen', 'Hugh Laurie', 'Will Arnett', 'Kiefer Sutherland', 'Rainn Wilson', 'Paul Rudd', 'Stephen Colbert', 'Amy Poehler']"
104,17,<WikipediaPage 'Flushed Away'>,"['Hugh Jackman', 'Kate Winslet', 'Jean Reno', 'Bill Nighy', 'Andy Serkis', 'Shane Richie', 'Ian McKellen']"
105,17,<WikipediaPage 'Elysium'>,error
106,17,<WikipediaPage 'Legend of the Guardians: The Owls of Ga'Hoole'>,"['Helen Mirren', 'Geoffrey Rush', 'Jim Sturgess', 'Hugo Weaving', 'Emily Barclay', 'Abbie Cornish', 'Ryan Kwanten', 'Anthony LaPaglia', 'Miriam Margolyes', 'Sam Neill', 'Richard Roxburgh', 'David Wenham']"
107,17,error,error
108,18,<WikipediaPage 'The Hobbit: The Battle of the Five Armies'>,"['Ian McKellen', 'Martin Freeman', 'Richard Armitage', 'Evangeline Lilly', 'Lee Pace', 'Luke Evans', 'Benedict Cumberbatch', 'Ken Stott', 'James Nesbitt', 'Cate Blanchett', 'Ian Holm', 'Christopher Lee', 'Hugo Weaving', 'Orlando Bloom']"
109,18,<WikipediaPage 'Cars 3'>,"['Owen Wilson', 'Cristela Alonzo', 'Chris Cooper', 'Armie Hammer', 'Larry the Cable Guy', 'Bonnie Hunt', 'Nathan Fillion', 'Lea DeLaria', 'Kerry Washington']"
110,18,<WikipediaPage 'Madagascar 3: Europe's Most Wanted'>,"['Ben Stiller', 'Chris Rock', 'David Schwimmer', 'Jada Pinkett Smith', 'Sacha Baron Cohen', 'Cedric the Entertainer', 'Andy Richter', 'Tom McGrath', 'Jessica Chastain', 'Bryan Cranston', 'Martin Short', 'Frances McDormand']"
111,18,error,error
112,18,<WikipediaPage 'Starship Troopers'>,keyerror
113,18,<WikipediaPage 'Cinderella Man'>,"['Russell Crowe', 'Renée Zellweger', 'Paul Giamatti', 'Craig Bierko', 'Bruce McGill', 'Paddy Considine']"
114,19,<WikipediaPage 'The Fate of the Furious'>,"['Dwayne Johnson', 'Jason Statham', 'Michelle Rodriguez', 'Tyrese Gibson', 'Chris ""Ludacris"" Bridges', 'Scott Eastwood', 'Nathalie Emmanuel', 'Elsa Pataky', 'Kurt Russell', 'Charlize Theron']"
115,19,<WikipediaPage 'G.I. Joe: The Rise of Cobra'>,"['Channing Tatum', 'Marlon Wayans', 'Adewale Akinnuoye-Agbaje', 'Dennis Quaid', 'Rachel Nichols', 'Saïd Taghmaoui', 'Ray Park', 'Joseph Gordon-Levitt', 'Christopher Eccleston', 'Sienna Miller', 'Byung-hun Lee', 'Jonathan Pryce']"
116,19,<WikipediaPage 'Mission: Impossible – Ghost Protocol'>,"['Jeremy Renner', 'Simon Pegg', 'Paula Patton']"
117,19,<WikipediaPage 'Power Rangers'>,keyerror
118,19,<WikipediaPage 'Land of the Lost (film)'>,"['Will Ferrell', 'Danny McBride', 'Anna Friel', 'Jorma Taccone']"
119,19,<WikipediaPage 'The Predator (film)'>,"['Boyd Holbrook', 'Trevante Rhodes', 'Jacob Tremblay', 'Keegan-Michael Key', 'Olivia Munn', 'Thomas Jane', 'Alfie Allen', 'Sterling K. Brown']"
120,20,<WikipediaPage 'No Time to Die'>,"['Daniel Craig', 'Rami Malek', 'Léa Seydoux', 'Lashana Lynch', 'Ben Whishaw', 'Naomie Harris', 'Jeffrey Wright', 'Christoph Waltz', 'Ralph Fiennes']"
121,20,<WikipediaPage 'Wild Wild West'>,"['Will Smith', 'Kevin Kline', 'Kenneth Branagh', 'Salma Hayek']"
122,20,<WikipediaPage 'How to Train Your Dragon 2'>,"['Jay Baruchel', 'Cate Blanchett', 'Gerard Butler', 'Craig Ferguson', 'America Ferrera', 'Jonah Hill', 'Christopher Mintz-Plasse', 'T.J. Miller', 'Kristen Wiig', 'Djimon Hounsou', 'Kit Harington']"
123,20,<WikipediaPage 'Stuart Little 2'>,"['Michael J. Fox', 'Melanie Griffith', 'Nathan Lane', 'Geena Davis', 'Hugh Laurie', 'Jonathan Lipnicki', 'James Woods', 'Steve Zahn']"
124,20,<WikipediaPage 'Peter Pan'>,keyerror
125,20,<WikipediaPage 'Fantastic Four'>,keyerror
126,21,<WikipediaPage 'Avatar'>,error
127,21,<WikipediaPage 'The Mummy: Tomb of the Dragon Emperor'>,"['Brendan Fraser', 'Jet Li', 'Maria Bello', 'John Hannah', 'Russell Wong', 'Liam Cunningham', 'Luke Ford', 'Isabella Leong', 'Michelle Yeoh']"
128,21,<WikipediaPage 'Tarzan'>,keyerror
129,21,<WikipediaPage 'RoboCop'>,"['Peter Weller', 'Nancy Allen', ""Daniel O'Herlihy"", 'Ronny Cox', 'Kurtwood Smith', 'Miguel Ferrer']"
130,21,<WikipediaPage 'Wonder Park'>,"['Jennifer Garner', 'Matthew Broderick', 'John Oliver', 'Mila Kunis', 'Kenan Thompson', 'Ken Jeong', 'Norbert Leo Butz', 'Ken Hudson Campbell']"
131,21,<WikipediaPage 'Hannibal'>,keyerror
132,22,<WikipediaPage 'Superman Returns'>,"['Brandon Routh', 'Kate Bosworth', 'James Marsden', 'Frank Langella', 'Eva Marie Saint', 'Parker Posey', 'Kal Penn', 'Sam Huntington', 'Kevin Spacey']"
133,22,<WikipediaPage 'Evan Almighty'>,"['Steve Carell', 'Morgan Freeman', 'Lauren Graham', 'John Goodman', 'John Michael Higgins', 'Jimmy Bennett', 'Wanda Sykes']"
134,22,<WikipediaPage 'Mr. Peabody & Sherman'>,"['Ty Burrell', 'Max Charles', 'Ariel Winter', 'Stephen Colbert', 'Leslie Mann', 'Allison Janney']"
135,22,<WikipediaPage 'The Chronicles of Riddick'>,"['Vin Diesel', 'Colm Feore', 'Keith David', 'Karl Urban', 'Thandiwe Newton', 'Alexa Davalos', 'Judi Dench', 'Linus Roache', 'Nick Chinlund', 'Yorick van Wageningen']"
136,22,<WikipediaPage 'Catwoman'>,keyerror
137,22,<WikipediaPage 'Seabiscuit'>,keyerror
138,23,<WikipediaPage 'The Dark Knight Rises'>,"['Christian Bale', 'Michael Caine', 'Gary Oldman', 'Anne Hathaway', 'Tom Hardy', 'Marion Cotillard', 'Joseph Gordon-Levitt', 'Morgan Freeman']"
139,23,<WikipediaPage 'Waterworld'>,"['Dennis Hopper', 'Jeanne Tripplehorn', 'Tina Majorino', 'Michael Jeter']"
140,23,<WikipediaPage 'Rise of the Guardians'>,"['Chris Pine', 'Alec Baldwin', 'Hugh Jackman', 'Isla Fisher', 'Jude Law']"
141,23,<WikipediaPage 'Fantastic Four'>,keyerror
142,23,<WikipediaPage 'The Expendables 3'>,"['Jason Statham', 'Antonio Banderas', 'Jet Li', 'Wesley Snipes', 'Dolph Lundgren', 'Kelsey Grammer', 'Randy Couture', 'Terry Crews', 'Kellan Lutz', 'Ronda Rousey', 'Glen Powell', 'Victor Ortiz', 'Robert Davi', 'Mel Gibson', 'Harrison Ford', 'Arnold Schwarzenegger']"
143,23,<WikipediaPage 'Cast Away'>,"['Helen Hunt', 'Nick Searcy']"
144,24,<WikipediaPage 'Pirates of the Caribbean: Dead Men Tell No Tales'>,"['Johnny Depp', 'Javier Bardem', 'Geoffrey Rush', 'Brenton Thwaites', 'Kaya Scodelario', 'Kevin McNally']"
145,24,<WikipediaPage 'Dolittle (film)'>,"['Robert Downey Jr.', 'Antonio Banderas', 'Michael Sheen', 'Harry Collett', 'Emma Thompson', 'Rami Malek', 'John Cena', 'Kumail Nanjiani', 'Octavia Spencer', 'Tom Holland', 'Ralph Fiennes', 'Selena Gomez', 'Marion Cotillard']"
146,24,<WikipediaPage 'Sahara'>,keyerror
147,24,<WikipediaPage 'Speed Racer'>,keyerror
148,24,<WikipediaPage 'Treasure Planet'>,"['Joseph Gordon-Levitt', 'Brian Murray', 'Emma Thompson', 'David Hyde Pierce', 'Martin Short', 'Michael Wincott', 'Laurie Metcalf', 'Roscoe Lee Browne']"
149,24,<WikipediaPage 'Happy Feet'>,"['Elijah Wood', 'Robin Williams', 'Brittany Murphy', 'Hugh Jackman', 'Nicole Kidman', 'Hugo Weaving', 'Anthony LaPaglia', 'Magda Szubanski', 'Steve Irwin']"
150,25,<WikipediaPage 'Quantum of Solace'>,"['Daniel Craig', 'Olga Kurylenko', 'Mathieu Amalric', 'Giancarlo Giannini', 'Jeffrey Wright', 'Judi Dench']"
151,25,<WikipediaPage 'King Arthur: Legend of the Sword'>,"['Charlie Hunnam', 'Àstrid Bergès-Frisbey', 'Djimon Hounsou', 'Aidan Gillen', 'Jude Law', 'Eric Bana']"
152,25,<WikipediaPage 'Ghostbusters'>,"['Bill Murray', 'Dan Aykroyd', 'Sigourney Weaver', 'Harold Ramis', 'Rick Moranis']"
153,25,error,error
154,25,<WikipediaPage 'Green Zone'>,error
155,25,<WikipediaPage 'Ocean's Eleven'>,"['George Clooney', 'Matt Damon', 'Andy García', 'Brad Pitt', 'Julia Roberts']"
156,26,<WikipediaPage 'Avengers: Endgame'>,"['Robert Downey Jr.', 'Chris Evans', 'Mark Ruffalo', 'Chris Hemsworth', 'Scarlett Johansson', 'Jeremy Renner', 'Don Cheadle', 'Paul Rudd', 'Brie Larson', 'Karen Gillan', 'Danai Gurira', 'Benedict Wong', 'Jon Favreau', 'Bradley Cooper', 'Gwyneth Paltrow', 'Josh Brolin']"
157,26,<WikipediaPage 'Forty-seven rōnin'>,keyerror
158,26,<WikipediaPage 'Die Another Day'>,"['Pierce Brosnan', 'Halle Berry', 'Toby Stephens', 'Rosamund Pike', 'Rick Yune', 'John Cleese', 'Judi Dench', 'Michael Madsen']"
159,26,<WikipediaPage 'How Do You Know'>,"['Reese Witherspoon', 'Owen Wilson', 'Paul Rudd', 'Jack Nicholson', 'Kathryn Hahn']"
160,26,<WikipediaPage 'Geostorm'>,"['Gerard Butler', 'Jim Sturgess', 'Abbie Cornish', 'Alexandra Maria Lara', 'Daniel Wu', 'Eugenio Derbez', 'Ed Harris', 'Andy García']"
161,26,<WikipediaPage 'The Bourne Supremacy (film)'>,"['Matt Damon', 'Franka Potente', 'Brian Cox', 'Julia Stiles', 'Karl Urban', 'Gabriel Mann', 'Joan Allen']"
162,27,<WikipediaPage 'Pirates of the Caribbean: Dead Man's Chest'>,"['Johnny Depp', 'Orlando Bloom', 'Keira Knightley', 'Stellan Skarsgård', 'Bill Nighy', 'Jack Davenport', 'Kevin R. McNally', 'Jonathan Pryce']"
163,27,<WikipediaPage 'Jurassic World: Fallen Kingdom'>,"['Chris Pratt', 'Bryce Dallas Howard', 'Rafe Spall', 'Toby Jones', 'Ted Levine', 'BD Wong', 'Jeff Goldblum']"
164,27,<WikipediaPage 'Screen Actors Guild Award for Outstanding Performance by a Male Actor in a Leading Role'>,keyerror
165,27,<WikipediaPage 'Knight and Day'>,"['Tom Cruise', 'Cameron Diaz', 'Peter Sarsgaard', 'Viola Davis', 'Jordi Mollà', 'Paul Dano']"
166,27,<WikipediaPage 'Point Break'>,"['Patrick Swayze', 'Keanu Reeves', 'Gary Busey', 'Lori Petty']"
167,27,<WikipediaPage 'Air Force One'>,error
168,28,<WikipediaPage 'Man of Steel (film)'>,"['Henry Cavill', 'Amy Adams', 'Michael Shannon', 'Kevin Costner', 'Diane Lane', 'Laurence Fishburne', 'Antje Traue', 'Ayelet Zurer', 'Christopher Meloni', 'Russell Crowe']"
169,28,<WikipediaPage 'Guardians of the Galaxy Vol. 2'>,"['Chris Pratt', 'Zoe Saldana', 'Dave Bautista', 'Vin Diesel', 'Bradley Cooper', 'Michael Rooker', 'Karen Gillan', 'Pom Klementieff', 'Elizabeth Debicki', 'Chris Sullivan', 'Sean Gunn', 'Sylvester Stallone', 'Kurt Russell']"
170,28,<WikipediaPage 'Star Trek'>,keyerror
171,28,<WikipediaPage 'Venom'>,error
172,28,<WikipediaPage 'Cat'>,keyerror
173,28,<WikipediaPage 'Fast & Furious'>,keyerror
174,29,<WikipediaPage 'The Chronicles of Narnia: Prince Caspian'>,"['Georgie Henley', 'Skandar Keynes', 'William Moseley', 'Anna Popplewell']"
175,29,<WikipediaPage 'Iron Man 2'>,"['Robert Downey Jr.', 'Gwyneth Paltrow', 'Don Cheadle', 'Scarlett Johansson', 'Sam Rockwell', 'Mickey Rourke', 'Samuel L. Jackson']"
176,29,<WikipediaPage 'Armageddon'>,error
177,29,<WikipediaPage 'Star Wars: Episode I – The Phantom Menace (video game)'>,keyerror
178,29,<WikipediaPage 'In the Heart of the Sea (film)'>,"['Chris Hemsworth', 'Benjamin Walker', 'Cillian Murphy', 'Tom Holland', 'Ben Whishaw', 'Brendan Gleeson']"
179,29,<WikipediaPage 'Horton Hears a Who!'>,keyerror
180,30,<WikipediaPage 'Lone Ranger'>,keyerror
181,30,<WikipediaPage 'Captain America: The Winter Soldier'>,"['Chris Evans', 'Scarlett Johansson', 'Sebastian Stan', 'Anthony Mackie', 'Cobie Smulders', 'Frank Grillo', 'Emily VanCamp', 'Hayley Atwell', 'Robert Redford', 'Samuel L. Jackson']"
182,30,<WikipediaPage 'Men in Black II'>,"['Tommy Lee Jones', 'Will Smith', 'Lara Flynn Boyle', 'Johnny Knoxville', 'Rosario Dawson', 'Tony Shalhoub', 'Rip Torn']"
183,30,<WikipediaPage 'Star Wars: Episode III – Revenge of the Sith'>,"['Ewan McGregor', 'Natalie Portman', 'Hayden Christensen', 'Ian McDiarmid', 'Samuel L. Jackson', 'Christopher Lee', 'Anthony Daniels', 'Kenny Baker', 'Frank Oz']"
184,30,error,error
185,30,<WikipediaPage 'Divergent (film)'>,"['Shailene Woodley', 'Theo James', 'Ashley Judd', 'Jai Courtney', 'Ray Stevenson', 'Zoë Kravitz', 'Miles Teller', 'Tony Goldwyn', 'Maggie Q', 'Kate Winslet']"
186,31,<WikipediaPage 'The Amazing Spider-Man'>,keyerror
187,31,<WikipediaPage 'Dawn of the Planet of the Apes'>,"['Andy Serkis', 'Jason Clarke', 'Gary Oldman', 'Keri Russell', 'Toby Kebbell', 'Kodi Smit-McPhee']"
188,31,<WikipediaPage 'Captain America: The First Avenger'>,"['Chris Evans', 'Tommy Lee Jones', 'Hugo Weaving', 'Hayley Atwell', 'Sebastian Stan', 'Dominic Cooper', 'Neal McDonough', 'Derek Luke', 'Stanley Tucci']"
189,31,<WikipediaPage 'List of Star Wars filming locations'>,error
190,31,<WikipediaPage 'Son of the Mask'>,"['Jamie Kennedy', 'Alan Cumming', 'Traylor Howard', 'Steven Wright', 'Kal Penn', 'Bob Hoskins']"
191,31,<WikipediaPage 'Hotel Transylvania'>,keyerror
192,32,<WikipediaPage 'Battleship'>,error
193,32,<WikipediaPage 'The Polar Express (film)'>,"['Tom Hanks', 'Daryl Sabara', 'Nona Gaye', 'Jimmy Bennett', 'Eddie Deezen']"
194,32,<WikipediaPage 'Kung Fu Panda 3'>,"['Jack Black', 'Bryan Cranston', 'Dustin Hoffman', 'Angelina Jolie', 'J.K. Simmons', 'Seth Rogen', 'Lucy Liu', 'David Cross', 'Kate Hudson', 'James Hong', 'Randall Duk Kim', 'Jackie Chan']"
195,32,"<WikipediaPage 'Monsters, Inc.'>","['John Goodman', 'Billy Crystal', 'Steve Buscemi', 'James Coburn', 'Jennifer Tilly']"
196,32,<WikipediaPage 'Mortal Engines (film)'>,"['Hera Hilmar', 'Robert Sheehan', 'Hugo Weaving', 'Jihae', 'Ronan Raftery', 'Leila George', 'Patrick Malahide', 'Stephen Lang']"
197,32,<WikipediaPage 'Captain Marvel (DC Comics)'>,keyerror
198,33,<WikipediaPage 'Transformers: The Last Knight'>,"['Mark Wahlberg', 'Josh Duhamel', 'Stanley Tucci', 'Anthony Hopkins']"
199,33,<WikipediaPage 'Snow White and the Huntsman'>,"['Kristen Stewart', 'Charlize Theron', 'Chris Hemsworth', 'Sam Claflin', 'Ian McShane', 'Bob Hoskins', 'Ray Winstone', 'Nick Frost', 'Toby Jones']"
200,33,<WikipediaPage 'Lethal Weapon 4'>,"['Mel Gibson', 'Danny Glover', 'Joe Pesci', 'Rene Russo', 'Chris Rock', 'Jet Li']"
201,33,<WikipediaPage 'Wolverine'>,keyerror
202,33,<WikipediaPage 'Chaos Walking (film)'>,"['Daisy Ridley', 'Tom Holland', 'Mads Mikkelsen', 'Demián Bichir', 'Cynthia Erivo', 'Nick Jonas', 'David Oyelowo']"
203,33,error,error
204,34,<WikipediaPage 'Jurassic World'>,"['Chris Pratt', 'Bryce Dallas Howard', ""Vincent D'Onofrio"", 'Ty Simpkins', 'Nick Robinson', 'Omar Sy', 'BD Wong', 'Irrfan Khan']"
205,34,<WikipediaPage 'Terminator 3: Rise of the Machines'>,"['Arnold Schwarzenegger', 'Nick Stahl', 'Claire Danes', 'Kristanna Loken']"
206,34,<WikipediaPage 'G.I. Joe: Retaliation'>,"['D. J. Cotrona', 'Byung-hun Lee', 'Adrianne Palicki', 'Ray Park', 'Jonathan Pryce', 'Ray Stevenson', 'Channing Tatum', 'Bruce Willis', 'Dwayne Johnson']"
207,34,<WikipediaPage 'Dante's Peak'>,"['Pierce Brosnan', 'Linda Hamilton', 'Charles Hallahan']"
208,34,<WikipediaPage 'The Adventures of Pluto Nash'>,"['Eddie Murphy', 'Randy Quaid', 'Rosario Dawson', 'Joe Pantoliano', 'Jay Mohr', 'Luis Guzmán', 'James Rebhorn', 'Peter Boyle', 'Pam Grier', 'John Cleese']"
209,34,<WikipediaPage 'Safe house'>,error
210,35,<WikipediaPage 'Men in Black 3'>,"['Will Smith', 'Tommy Lee Jones', 'Josh Brolin', 'Jemaine Clement', 'Michael Stuhlbarg', 'Emma Thompson']"
211,35,<WikipediaPage 'Abraham Van Helsing'>,keyerror
212,35,<WikipediaPage 'The Last Samurai'>,"['Timothy Spall', 'Ken Watanabe', 'Billy Connolly', 'Tony Goldwyn', 'Hiroyuki Sanada', 'Koyuki']"
213,35,<WikipediaPage 'The Huntsman: Winter's War'>,"['Chris Hemsworth', 'Charlize Theron', 'Emily Blunt', 'Nick Frost', 'Sam Claflin', 'Rob Brydon', 'Sheridan Smith', 'Jessica Chastain']"
214,35,<WikipediaPage 'The Flowers of War'>,"['Christian Bale', 'Ni Ni', 'Zhang Xinyi', 'Tong Dawei', 'Atsuro Watabe', 'Shigeo Kobayashi']"
215,35,<WikipediaPage 'I Now Pronounce You Chuck & Larry'>,"['Kevin James', 'Jessica Biel', 'Ving Rhames', 'Steve Buscemi', 'Dan Aykroyd']"
216,36,<WikipediaPage 'Transformers: Revenge of the Fallen'>,"['Shia LaBeouf', 'Megan Fox', 'Josh Duhamel', 'Tyrese Gibson', 'John Turturro']"
217,36,<WikipediaPage 'Dumbo'>,"['Edward Brophy', 'Verna Felton', 'Cliff Edwards', 'Herman Bing', 'Sterling Holloway', 'Hall Johnson Choir']"
218,36,<WikipediaPage 'Fun with Dick and Jane (2005 film)'>,"['Jim Carrey', 'Téa Leoni', 'Alec Baldwin', 'Richard Jenkins']"
219,36,<WikipediaPage 'Windtalkers'>,"['Nicolas Cage', 'Adam Beach', 'Peter Stormare', 'Noah Emmerich', 'Mark Ruffalo', 'Brian van Holt', ""Frances O'Connor"", 'Christian Slater']"
220,36,<WikipediaPage 'Artemis Fowl'>,keyerror
221,36,<WikipediaPage 'Ocean's Thirteen'>,"['George Clooney', 'Brad Pitt', 'Matt Damon', 'Andy García', 'Don Cheadle', 'Bernie Mac', 'Ellen Barkin', 'Al Pacino', 'Casey Affleck', 'Scott Caan', 'Eddie Jemison', 'Shaobo Qin', 'Carl Reiner', 'Elliott Gould']"
222,37,<WikipediaPage 'Transformers: Age of Extinction'>,"['Mark Wahlberg', 'Stanley Tucci']"
223,37,<WikipediaPage 'Godzilla: King of the Monsters (2019 film)'>,"['Kyle Chandler', 'Vera Farmiga', 'Millie Bobby Brown', 'Bradley Whitford', 'Sally Hawkins', 'Charles Dance', 'Thomas Middleditch', 'Aisha Hinds', ""O'Shea Jackson Jr."", 'David Strathairn', 'Ken Watanabe', 'Zhang Ziyi']"
224,37,<WikipediaPage 'Exodus: Gods and Kings'>,"['Christian Bale', 'Joel Edgerton', 'John Turturro', 'Aaron Paul', 'Ben Mendelsohn', 'Sigourney Weaver', 'Ben Kingsley']"
225,37,<WikipediaPage 'Asterix at the Olympic Games'>,keyerror
226,37,<WikipediaPage 'The Peanuts Movie'>,"['Noah Schnapp', 'Francesca Angelucci Capaldi', 'Troy ""Trombone Shorty"" Andrews', 'Kristin Chenoweth', 'Bill Melendez']"
227,37,error,error
228,38,<WikipediaPage 'X-Men: The Last Stand'>,"['Hugh Jackman', 'Halle Berry', 'Ian McKellen', 'Famke Janssen', 'Anna Paquin', 'Kelsey Grammer', 'James Marsden', 'Rebecca Romijn', 'Shawn Ashmore', 'Aaron Stanford', 'Vinnie Jones', 'Patrick Stewart']"
229,38,<WikipediaPage 'Tomorrowland'>,keyerror
230,38,<WikipediaPage 'The BFG'>,keyerror
231,38,<WikipediaPage 'Gulliver's Travels'>,keyerror
232,38,<WikipediaPage 'The Lego Movie 2: The Second Part'>,"['Chris Pratt', 'Elizabeth Banks', 'Will Arnett', 'Tiffany Haddish', 'Stephanie Beatriz', 'Charlie Day', 'Alison Brie', 'Nick Offerman', 'Maya Rudolph', 'Will Ferrell']"
233,38,<WikipediaPage 'Enemy of the State (film)'>,"['Will Smith', 'Gene Hackman', 'Jon Voight', 'Regina King', 'Loren Dean', 'Jake Busey', 'Scott Caan', 'Barry Pepper', 'Gabriel Byrne']"
234,39,<WikipediaPage 'Robin Hood'>,keyerror
235,39,<WikipediaPage 'Alita: Battle Angel'>,"['Rosa Salazar', 'Christoph Waltz', 'Jennifer Connelly', 'Mahershala Ali', 'Ed Skrein', 'Jackie Earle Haley', 'Keean Johnson']"
236,39,<WikipediaPage 'Gemini Man (film)'>,"['Will Smith', 'Mary Elizabeth Winstead', 'Clive Owen', 'Benedict Wong']"
237,39,<WikipediaPage 'Ferdinand'>,keyerror
238,39,<WikipediaPage 'Robin Hood'>,keyerror
239,39,error,error
240,40,<WikipediaPage 'King Kong'>,keyerror
241,40,<WikipediaPage 'Through the Looking-Glass'>,keyerror
242,40,<WikipediaPage 'Ancient Egyptian deities'>,keyerror
243,40,<WikipediaPage 'Deadpool 2'>,"['Josh Brolin', 'Morena Baccarin', 'Julian Dennison', 'Zazie Beetz', 'T.J. Miller', 'Brianna Hildebrand', 'Jack Kesy']"
244,40,<WikipediaPage 'The Mummy Returns'>,"['Brendan Fraser', 'Rachel Weisz', 'John Hannah', 'Arnold Vosloo', 'Oded Fehr', 'Patricia Velásquez', 'Freddie Boath', 'Alun Armstrong', 'The Rock']"
245,40,<WikipediaPage 'Tower Heist'>,"['Ben Stiller', 'Casey Affleck', 'Alan Alda', 'Matthew Broderick', 'Judd Hirsch', 'Téa Leoni', 'Michael Peña', 'Gabourey Sidibe']"
246,41,<WikipediaPage 'The Golden Compass (film)'>,"['Nicole Kidman', 'Sam Elliott', 'Eva Green', 'Ian McKellen', 'Ian McShane', 'Freddie Highmore', 'Kathy Bates', 'Kristin Scott Thomas', 'Daniel Craig', 'Dakota Blue Richards']"
247,41,<WikipediaPage 'Shrek Forever After'>,"['Mike Myers', 'Eddie Murphy', 'Cameron Diaz', 'Antonio Banderas', 'Julie Andrews', 'John Cleese', 'Walt Dohrn', 'Jane Lynch', 'Jon Hamm', 'Craig Robinson', 'Lake Bell', 'Mary Kay Place', 'Kathy Griffin', 'Kristen Schaal']"
248,41,<WikipediaPage 'Top Gun: Maverick'>,"['Miles Teller', 'Jennifer Connelly', 'Jon Hamm', 'Glen Powell', 'Lewis Pullman', 'Ed Harris', 'Val Kilmer']"
249,41,<WikipediaPage 'Gravity'>,error
250,41,<WikipediaPage 'Ford v Ferrari'>,"['Matt Damon', 'Christian Bale']"
251,41,<WikipediaPage '102 Dalmatians'>,"['Glenn Close', 'Ioan Gruffudd', 'Alice Evans', 'Tim McInnerny', 'Gérard Depardieu']"
252,42,error,error
253,42,<WikipediaPage 'Doctor Strange'>,keyerror
254,42,<WikipediaPage 'Spider-Man'>,keyerror
255,42,<WikipediaPage 'Night at the Museum'>,"['Ben Stiller', 'Carla Gugino', 'Dick Van Dyke', 'Mickey Rooney', 'Bill Cobbs', 'Robin Williams']"
256,42,<WikipediaPage 'Gangs of New York'>,"['Leonardo DiCaprio', 'Daniel Day-Lewis', 'Cameron Diaz']"
257,42,<WikipediaPage 'Mirror Mirror (film)'>,"['Julia Roberts', 'Lily Collins', 'Armie Hammer', 'Nathan Lane', 'Mare Winningham', 'Michael Lerner', 'Sean Bean']"
258,43,<WikipediaPage 'Black Panther (film)'>,"['Chadwick Boseman', 'Michael B. Jordan', ""Lupita Nyong'o"", 'Danai Gurira', 'Martin Freeman', 'Daniel Kaluuya', 'Letitia Wright', 'Winston Duke', 'Angela Bassett', 'Forest Whitaker', 'Andy Serkis']"
259,43,<WikipediaPage 'Big Hero 6 (film)'>,"['Scott Adsit', 'Ryan Potter', 'Daniel Henney', 'T.J. Miller', 'Jamie Chung', 'Damon Wayans Jr.', 'Genesis Rodriguez', 'James Cromwell', 'Maya Rudolph', 'Alan Tudyk']"
260,43,<WikipediaPage 'Watchmen'>,keyerror
261,43,<WikipediaPage 'Mr. & Mrs. Smith (2005 film)'>,"['Brad Pitt', 'Angelina Jolie', 'Vince Vaughn', 'Adam Brody', 'Kerry Washington']"
262,43,<WikipediaPage 'Alien: Covenant'>,"['Michael Fassbender', 'Katherine Waterston', 'Billy Crudup', 'Danny McBride', 'Demián Bichir']"
263,43,<WikipediaPage 'The Holiday'>,"['Cameron Diaz', 'Kate Winslet', 'Jude Law', 'Jack Black', 'Eli Wallach', 'Edward Burns', 'Rufus Sewell']"
264,44,<WikipediaPage 'Titanic'>,keyerror
265,44,<WikipediaPage 'How to Train Your Dragon'>,keyerror
266,44,error,error
267,44,<WikipediaPage 'Grand Theft Auto: San Andreas'>,keyerror
268,44,<WikipediaPage 'Cinderella'>,keyerror
269,44,<WikipediaPage 'The Fast and the Furious: Tokyo Drift'>,"['Lucas Black', 'Bow Wow', 'Nathalie Kelley', 'Sung Kang', 'Brian Tee']"
270,45,<WikipediaPage 'Yoda'>,keyerror
271,45,<WikipediaPage 'Wreck-It Ralph'>,"['John C. Reilly', 'Sarah Silverman', 'Jack McBrayer', 'Jane Lynch', 'Alan Tudyk']"
272,45,<WikipediaPage 'The Incredible Hulk (film)'>,"['Edward Norton', 'Liv Tyler', 'Tim Roth', 'Tim Blake Nelson', 'Ty Burrell', 'William Hurt']"
273,45,<WikipediaPage 'The Smurfs'>,keyerror
274,45,<WikipediaPage 'Ice Age: Continental Drift'>,"['Ray Romano', 'John Leguizamo', 'Denis Leary', 'Nicki Minaj', 'Drake', 'Jennifer Lopez', 'Queen Latifah']"
275,45,<WikipediaPage 'Memoirs of a Geisha (film)'>,"['Zhang Ziyi', 'Ken Watanabe', 'Michelle Yeoh', 'Kōji Yakusho', 'Youki Kudoh', 'Kaori Momoi', 'Gong Li']"
276,46,<WikipediaPage 'Incredibles 2'>,"['Craig T. Nelson', 'Holly Hunter', 'Sarah Vowell', 'Samuel L. Jackson', 'Bob Odenkirk', 'Catherine Keener', 'Jonathan Banks']"
277,46,error,error
278,46,<WikipediaPage 'Hulk'>,keyerror
279,46,<WikipediaPage 'Live Free or Die Hard'>,"['Bruce Willis', 'Justin Long', 'Timothy Olyphant', 'Cliff Curtis', 'Maggie Q']"
280,46,<WikipediaPage 'Black Hawk Down (film)'>,"['Josh Hartnett', 'Eric Bana', 'Ewan McGregor', 'Tom Sizemore', 'William Fichtner', 'Sam Shepard']"
281,46,<WikipediaPage 'Enemy at the Gates'>,"['Joseph Fiennes', 'Jude Law', 'Rachel Weisz', 'Bob Hoskins', 'Ed Harris']"
282,47,<WikipediaPage 'Rogue One'>,"['Felicity Jones', 'Diego Luna', 'Ben Mendelsohn', 'Donnie Yen', 'Mads Mikkelsen', 'Alan Tudyk', 'Jiang Wen', 'Forest Whitaker', 'Riz Ahmed']"
283,47,<WikipediaPage 'Independence Day: Resurgence'>,"['Jeff Goldblum', 'Liam Hemsworth', 'Bill Pullman', 'Maika Monroe', 'Travis Tope', 'William Fichtner', 'Charlotte Gainsbourg', 'Judd Hirsch']"
284,47,<WikipediaPage 'Final Fantasy: The Spirits Within'>,"['Ming-Na Wen', 'Alec Baldwin', 'James Woods', 'Donald Sutherland', 'Ving Rhames', 'Steve Buscemi', 'Peri Gilpin']"
285,47,<WikipediaPage 'The Divergent Series: Insurgent'>,"['Shailene Woodley', 'Theo James', 'Octavia Spencer', 'Jai Courtney', 'Ray Stevenson', 'Zoë Kravitz', 'Miles Teller', 'Ansel Elgort', 'Maggie Q', 'Naomi Watts', 'Kate Winslet']"
286,47,<WikipediaPage 'Sex and the City 2'>,"['Kim Cattrall', 'Kristin Davis', 'Cynthia Nixon', 'John Corbett', 'Chris Noth']"
287,47,<WikipediaPage 'Last Action Hero'>,"['Arnold Schwarzenegger', 'F. Murray Abraham', 'Art Carney', 'Charles Dance', 'Frank McRae', 'Tom Noonan', 'Robert Prosky', 'Anthony Quinn', 'Mercedes Ruehl', ""Austin O'Brien""]"
288,48,<WikipediaPage 'Finding Dory'>,"['Ellen DeGeneres', 'Albert Brooks', 'Hayden Rolence', ""Ed O'Neill"", 'Kaitlin Olson', 'Ty Burrell', 'Diane Keaton', 'Eugene Levy']"
289,48,<WikipediaPage 'Dune'>,error
290,48,<WikipediaPage 'The Twilight Saga: Breaking Dawn – Part 2'>,"['Kristen Stewart', 'Robert Pattinson', 'Taylor Lautner', 'Billy Burke', 'Peter Facinelli', 'Elizabeth Reaser', 'Kellan Lutz', 'Nikki Reed', 'Jackson Rathbone', 'Ashley Greene', 'Michael Sheen', 'Dakota Fanning']"
291,48,<WikipediaPage 'Ocean's Twelve'>,"['George Clooney', 'Brad Pitt', 'Matt Damon', 'Catherine Zeta-Jones', 'Andy García', 'Don Cheadle', 'Bernie Mac', 'Julia Roberts', 'Casey Affleck', 'Scott Caan', 'Vincent Cassel', 'Eddie Jemison', 'Carl Reiner', 'Elliott Gould']"
292,48,<WikipediaPage 'Percy Jackson & the Olympians: The Lightning Thief'>,"['Logan Lerman', 'Brandon T. Jackson', 'Alexandra Daddario', 'Sean Bean', 'Pierce Brosnan', 'Steve Coogan', 'Rosario Dawson', 'Catherine Keener', 'Kevin McKidd', 'Joe Pantoliano', 'Uma Thurman']"
293,48,<WikipediaPage 'The Rundown'>,"['Dwayne Johnson', 'Seann William Scott', 'Christopher Walken', 'Rosario Dawson', 'Ewen Bremner', 'William Lucking']"
294,49,<WikipediaPage 'Toy Story 4'>,"['Tom Hanks', 'Tim Allen', 'Annie Potts', 'Tony Hale', 'Keegan-Michael Key', 'Christina Hendricks', 'Jordan Peele', 'Keanu Reeves', 'Ally Maki', 'Jay Hernandez', 'Lori Alan', 'Joan Cusack', 'Wallace Shawn', 'John Ratzenberger', 'Blake Clark', 'Don Rickles', 'Estelle Harris', 'Bonnie Hunt', 'Jeff Garlin', 'Kristen Schaal', 'Timothy Dalton']"
295,49,<WikipediaPage 'Cowboys & Aliens'>,"['Daniel Craig', 'Harrison Ford', 'Olivia Wilde', 'Sam Rockwell', 'Adam Beach', 'Clancy Brown', 'Paul Dano', 'Noah Ringer']"
296,49,<WikipediaPage 'The Croods'>,"['Nicolas Cage', 'Emma Stone', 'Ryan Reynolds', 'Catherine Keener', 'Cloris Leachman', 'Clark Duke']"
297,49,<WikipediaPage 'Tomorrow Never Dies'>,"['Pierce Brosnan', 'Jonathan Pryce', 'Michelle Yeoh', 'Teri Hatcher', 'Joe Don Baker', 'Judi Dench']"
298,49,error,error
299,49,<WikipediaPage 'Arthur Christmas'>,"['James McAvoy', 'Hugh Laurie', 'Bill Nighy', 'Jim Broadbent', 'Imelda Staunton', 'Ashley Jensen']"
300,50,<WikipediaPage 'Toy Story 3'>,"['Tom Hanks', 'Tim Allen', 'Joan Cusack', 'Don Rickles', 'Wallace Shawn', 'John Ratzenberger', 'Estelle Harris', 'Ned Beatty', 'Michael Keaton', 'Jodi Benson', 'John Morris']"
301,50,<WikipediaPage 'Beauty and the Beast'>,keyerror
302,50,<WikipediaPage 'The Revenant (2015 film)'>,"['Leonardo DiCaprio', 'Tom Hardy']"
303,50,error,error
304,50,error,error
305,50,<WikipediaPage 'XXX: Return of Xander Cage'>,"['Donnie Yen', 'Deepika Padukone', 'Kris Wu', 'Ruby Rose', 'Tony Jaa', 'Nina Dobrev', 'Toni Collette', 'Samuel L. Jackson']"
306,51,<WikipediaPage 'Iron Man 3'>,"['Robert Downey Jr.', 'Gwyneth Paltrow', 'Don Cheadle', 'Guy Pearce', 'Rebecca Hall', 'Stéphanie Szostak', 'James Badge Dale', 'Jon Favreau', 'Ben Kingsley']"
307,51,<WikipediaPage 'Spider-Man: Far From Home'>,"['Tom Holland', 'Samuel L. Jackson', 'Zendaya', 'Cobie Smulders', 'Jon Favreau', 'J. B. Smoove', 'Jacob Batalon', 'Martin Starr', 'Marisa Tomei', 'Jake Gyllenhaal']"
308,51,<WikipediaPage 'The World Is Not Enough'>,"['Pierce Brosnan', 'Sophie Marceau', 'Robert Carlyle', 'Denise Richards', 'Robbie Coltrane', 'Judi Dench']"
309,51,<WikipediaPage '300: Rise of an Empire'>,"['Sullivan Stapleton', 'Eva Green', 'Lena Headey', 'Hans Matheson', 'Rodrigo Santoro']"
310,51,<WikipediaPage 'The Fifth Element'>,"['Bruce Willis', 'Gary Oldman', 'Ian Holm', 'Chris Tucker', 'Milla Jovovich']"
311,51,<WikipediaPage 'Meet Joe Black'>,"['Brad Pitt', 'Anthony Hopkins', 'Claire Forlani', 'Jake Weber', 'Marcia Gay Harden', 'Jeffrey Tambor']"
312,52,<WikipediaPage 'Guardians of the Galaxy Vol. 2'>,"['Chris Pratt', 'Zoe Saldana', 'Dave Bautista', 'Vin Diesel', 'Bradley Cooper', 'Michael Rooker', 'Karen Gillan', 'Pom Klementieff', 'Elizabeth Debicki', 'Chris Sullivan', 'Sean Gunn', 'Sylvester Stallone', 'Kurt Russell']"
313,52,<WikipediaPage 'Aquaman'>,keyerror
314,52,<WikipediaPage 'Rango (2011 film)'>,"['Johnny Depp', 'Isla Fisher', 'Abigail Breslin', 'Ned Beatty', 'Alfred Molina', 'Bill Nighy', 'Stephen Root', 'Harry Dean Stanton', 'Ray Winstone', 'Timothy Olyphant']"
315,52,error,error
316,52,<WikipediaPage 'The Road to El Dorado'>,"['Kenneth Branagh', 'Kevin Kline', 'Rosie Perez', 'Armand Assante', 'Edward James Olmos', 'Jim Cummings']"
317,52,<WikipediaPage 'Cats & Dogs: The Revenge of Kitty Galore'>,"['Christina Applegate', 'Michael Clarke Duncan', 'Neil Patrick Harris', 'Sean Hayes', 'James Marsden', 'Bette Midler', 'Nick Nolte', 'Joe Pantoliano', 'Katt Williams', ""Chris O'Donnell"", 'Jack McBrayer', 'Roger Moore', 'Fred Armisen', 'Paul Rodriguez']"
318,53,<WikipediaPage 'The Amazing Spider-Man 2'>,"['Andrew Garfield', 'Emma Stone', 'Jamie Foxx', 'Dane DeHaan', 'Campbell Scott', 'Embeth Davidtz', 'Colm Feore', 'Paul Giamatti', 'Sally Field']"
319,53,<WikipediaPage 'Shrek the Third'>,"['Mike Myers', 'Eddie Murphy', 'Cameron Diaz', 'Antonio Banderas', 'Julie Andrews', 'John Cleese', 'Rupert Everett', 'Eric Idle', 'Justin Timberlake']"
320,53,<WikipediaPage 'Master and Commander: The Far Side of the World'>,"['Russell Crowe', 'Paul Bettany']"
321,53,<WikipediaPage 'Passenger'>,error
322,53,<WikipediaPage 'The Lovely Bones (film)'>,"['Mark Wahlberg', 'Rachel Weisz', 'Susan Sarandon', 'Stanley Tucci', 'Michael Imperioli', 'Saoirse Ronan']"
323,53,<WikipediaPage 'Collateral damage'>,error
324,54,<WikipediaPage 'Alice's Adventures in Wonderland'>,keyerror
325,54,<WikipediaPage 'Inception'>,"['Leonardo DiCaprio', 'Ken Watanabe', 'Joseph Gordon-Levitt', 'Marion Cotillard', 'Elliot Page', '[a]', 'Tom Hardy', 'Cillian Murphy', 'Tom Berenger', 'Michael Caine']"
326,54,<WikipediaPage 'Turbocharger'>,error
327,54,<WikipediaPage 'Green Hornet'>,keyerror
328,54,<WikipediaPage 'Ben-Hur (1959 film)'>,"['Charlton Heston', 'Jack Hawkins', 'Haya Harareet', 'Stephen Boyd', 'Hugh Griffith', 'Martha Scott', ""Cathy O'Donnell"", 'Sam Jaffe']"
329,54,<WikipediaPage 'Showtime (TV network)'>,keyerror
330,55,<WikipediaPage 'Skyfall'>,"['Daniel Craig', 'Javier Bardem', 'Ralph Fiennes', 'Naomie Harris', 'Bérénice Marlohe', 'Albert Finney', 'Judi Dench']"
331,55,<WikipediaPage 'The Hunger Games: Mockingjay – Part 2'>,"['Jennifer Lawrence', 'Josh Hutcherson', 'Liam Hemsworth', 'Woody Harrelson', 'Elizabeth Banks', 'Julianne Moore', 'Philip Seymour Hoffman', 'Jeffrey Wright', 'Stanley Tucci', 'Donald Sutherland']"
332,55,<WikipediaPage 'Teenage Mutant Ninja Turtles: Out of the Shadows'>,"['Megan Fox', 'Stephen Amell', 'Will Arnett', 'Laura Linney', 'Noel Fisher', 'Jeremy Howard', 'Pete Ploszek', 'Alan Ritchson', 'Brian Tee', 'Tyler Perry', 'Gary Anthony Williams', 'Stephen Farrelly', 'Brad Garrett']"
333,55,<WikipediaPage 'Miss Peregrine's Home for Peculiar Children'>,keyerror
334,55,<WikipediaPage 'Seventh Son of a Seventh Son'>,keyerror
335,55,<WikipediaPage 'Judge Dredd'>,keyerror
336,56,<WikipediaPage 'The Hobbit: An Unexpected Journey'>,"['Ian McKellen', 'Martin Freeman', 'Richard Armitage', 'James Nesbitt', 'Ken Stott', 'Cate Blanchett', 'Ian Holm', 'Christopher Lee', 'Hugo Weaving', 'Elijah Wood', 'Andy Serkis']"
337,56,<WikipediaPage 'Fast & Furious 6'>,"['Paul Walker', 'Dwayne Johnson', 'Michelle Rodriguez', 'Jordana Brewster', 'Tyrese Gibson', 'Chris ""Ludacris"" Bridges', 'Sung Kang', 'Gal Gadot', 'Luke Evans', 'Gina Carano', 'John Ortiz']"
338,56,<WikipediaPage 'Happy Feet Two'>,"['Elijah Wood', 'Robin Williams', 'Hank Azaria', 'P!nk', 'Brad Pitt', 'Matt Damon', 'Richard Carter', 'Common', 'Sofia Vergara', 'Magda Szubanski', 'Hugo Weaving', 'Anthony LaPaglia']"
339,56,<WikipediaPage 'Real Steel'>,"['Hugh Jackman', 'Dakota Goyo', 'Evangeline Lilly', 'Anthony Mackie', 'Kevin Durand']"
340,56,<WikipediaPage 'Finding Nemo'>,"['Albert Brooks', 'Ellen DeGeneres', 'Alexander Gould', 'Willem Dafoe']"
341,56,<WikipediaPage 'Zodiac'>,error
342,57,<WikipediaPage 'Monsters University'>,"['Billy Crystal', 'John Goodman', 'Steve Buscemi', 'Helen Mirren', 'Peter Sohn', 'Joel Murray', 'Sean Hayes', 'Dave Foley', 'Charlie Day', 'Nathan Fillion']"
343,57,<WikipediaPage 'Godzilla'>,keyerror
344,57,<WikipediaPage 'Miami Vice'>,"['Don Johnson', 'Philip Michael Thomas', 'Saundra Santiago', 'Michael Talbott', 'John Diehl', 'Olivia Brown', 'Gregory Sierra', 'Edward James Olmos']"
345,57,<WikipediaPage 'Men in Black: International'>,"['Chris Hemsworth', 'Tessa Thompson', 'Rebecca Ferguson', 'Kumail Nanjiani', 'Rafe Spall', 'Laurent Bourgeois', 'Larry Bourgeois', 'Emma Thompson', 'Liam Neeson']"
346,57,<WikipediaPage 'The Lord of the Rings: The Return of the King'>,"['Elijah Wood', 'Ian McKellen', 'Liv Tyler', 'Viggo Mortensen', 'Sean Astin', 'Cate Blanchett', 'John Rhys-Davies', 'Bernard Hill', 'Billy Boyd', 'Dominic Monaghan', 'Orlando Bloom', 'Hugo Weaving', 'Miranda Otto', 'David Wenham', 'Karl Urban', 'John Noble', 'Andy Serkis', 'Ian Holm', 'Sean Bean']"
347,57,<WikipediaPage 'Scott Pilgrim vs. the World'>,"['Michael Cera', 'Mary Elizabeth Winstead', 'Kieran Culkin', 'Chris Evans', 'Anna Kendrick', 'Alison Pill', 'Brandon Routh', 'Jason Schwartzman']"
348,58,<WikipediaPage 'Oz the Great and Powerful'>,"['James Franco', 'Mila Kunis', 'Rachel Weisz', 'Michelle Williams', 'Zach Braff', 'Bill Cobbs', 'Joey King', 'Tony Cox']"
349,58,<WikipediaPage 'X-Men: First Class'>,"['James McAvoy', 'Michael Fassbender', 'Rose Byrne', 'January Jones', 'Oliver Platt', 'Kevin Bacon']"
350,58,<WikipediaPage 'The Nutcracker and the Four Realms'>,"['Keira Knightley', 'Mackenzie Foy', 'Eugenio Derbez', 'Matthew Macfadyen', 'Richard E. Grant', 'Misty Copeland', 'Helen Mirren', 'Morgan Freeman']"
351,58,<WikipediaPage 'The A-Team'>,"['George Peppard', 'Tim Dunigan', 'Dirk Benedict', 'Dwight Schultz', 'Mr. T', 'Melinda Culea', 'Marla Heasley', 'Robert Vaughn']"
352,58,<WikipediaPage 'The Lord of the Rings: The Two Towers'>,"['Elijah Wood', 'Ian McKellen', 'Liv Tyler', 'Viggo Mortensen', 'Sean Astin', 'Cate Blanchett', 'John Rhys-Davies', 'Bernard Hill', 'Christopher Lee', 'Billy Boyd', 'Dominic Monaghan', 'Orlando Bloom', 'Hugo Weaving', 'Miranda Otto', 'David Wenham', 'Brad Dourif', 'Karl Urban', 'Andy Serkis']"
353,58,<WikipediaPage 'The Core'>,"['Aaron Eckhart', 'Hilary Swank', 'Delroy Lindo', 'Stanley Tucci', 'DJ Qualls', 'Richard Jenkins', 'Tchéky Karyo', 'Bruce Greenwood', 'Alfre Woodard']"
354,59,<WikipediaPage 'X-Men: Days of Future Past'>,"['Hugh Jackman', 'James McAvoy', 'Michael Fassbender', 'Jennifer Lawrence', 'Halle Berry', 'Anna Paquin', 'Elliot Page', '[a]', 'Peter Dinklage', 'Ian McKellen', 'Patrick Stewart']"
355,59,<WikipediaPage 'The Curious Case of Benjamin Button (film)'>,"['Brad Pitt', 'Cate Blanchett', 'Mahershala Ali', 'Taraji P. Henson', 'Julia Ormond', 'Jason Flemyng', 'Elias Koteas', 'Tilda Swinton']"
356,59,<WikipediaPage 'The War of the Worlds'>,keyerror
357,59,<WikipediaPage 'The Smurfs 2'>,"['Neil Patrick Harris', 'Brendan Gleeson', 'Jayma Mays', 'Katy Perry', 'Hank Azaria']"
358,59,<WikipediaPage 'Lara Croft: Tomb Raider'>,"['Angelina Jolie', 'Jon Voight', 'Iain Glen', 'Noah Taylor', 'Daniel Craig']"
359,59,<WikipediaPage 'Father's Day'>,keyerror
360,60,<WikipediaPage 'The Amazing Spider-Man 2'>,"['Andrew Garfield', 'Emma Stone', 'Jamie Foxx', 'Dane DeHaan', 'Campbell Scott', 'Embeth Davidtz', 'Colm Feore', 'Paul Giamatti', 'Sally Field']"
361,60,<WikipediaPage 'The Sorcerer's Apprentice'>,keyerror
362,60,<WikipediaPage 'Penguins of Madagascar'>,"['Chris Miller', 'Christopher Knights', 'Conrad Vernon', 'Benedict Cumberbatch', 'Ken Jeong', 'Annet Mahendru', 'Peter Stormare', 'John Malkovich']"
363,60,<WikipediaPage 'The Divergent Series: Allegiant'>,"['Shailene Woodley', 'Theo James', 'Jeff Daniels', 'Miles Teller', 'Ansel Elgort', 'Zoë Kravitz', 'Maggie Q', 'Ray Stevenson', 'Bill Skarsgård', 'Octavia Spencer', 'Naomi Watts']"
364,60,<WikipediaPage 'Kingsman: The Secret Service'>,"['Colin Firth', 'Samuel L. Jackson', 'Mark Strong', 'Taron Egerton', 'Michael Caine']"
365,60,<WikipediaPage 'The Greatest Showman'>,"['Hugh Jackman', 'Zac Efron', 'Michelle Williams', 'Rebecca Ferguson', 'Zendaya']"
366,61,<WikipediaPage 'Cars 2'>,"['Owen Wilson', 'Larry the Cable Guy', 'Michael Caine', 'Emily Mortimer', 'John Turturro', 'Eddie Izzard']"
367,61,<WikipediaPage 'Poseidon'>,keyerror
368,61,<WikipediaPage 'The Hunger Games: Catching Fire'>,"['Jennifer Lawrence', 'Josh Hutcherson', 'Liam Hemsworth', 'Woody Harrelson', 'Elizabeth Banks', 'Lenny Kravitz', 'Philip Seymour Hoffman', 'Jeffrey Wright', 'Stanley Tucci', 'Donald Sutherland']"
369,61,<WikipediaPage 'The Taking of Pelham 123 (2009 film)'>,"['Denzel Washington', 'John Travolta', 'John Turturro', 'Luis Guzmán', 'Michael Rispoli', 'James Gandolfini']"
370,61,<WikipediaPage 'The Lord of the Rings: The Fellowship of the Ring'>,"['Elijah Wood', 'Ian McKellen', 'Liv Tyler', 'Viggo Mortensen', 'Sean Astin', 'Cate Blanchett', 'John Rhys-Davies', 'Billy Boyd', 'Dominic Monaghan', 'Orlando Bloom', 'Christopher Lee', 'Hugo Weaving', 'Sean Bean', 'Ian Holm', 'Andy Serkis']"
371,61,<WikipediaPage 'Scooby-Doo'>,keyerror
372,62,<WikipediaPage 'Hobbs & Shaw'>,"['Dwayne Johnson', 'Jason Statham', 'Idris Elba', 'Vanessa Kirby', 'Cliff Curtis', 'Helen Mirren']"
373,62,<WikipediaPage 'Warcraft'>,keyerror
374,62,<WikipediaPage 'Harry Potter and the Prisoner of Azkaban (film)'>,"['Daniel Radcliffe', 'Rupert Grint', 'Emma Watson', 'Robbie Coltrane', 'Michael Gambon', 'Richard Griffiths', 'Gary Oldman', 'Alan Rickman', 'Fiona Shaw', 'Maggie Smith', 'Timothy Spall', 'David Thewlis', 'Emma Thompson', 'Julie Walters']"
375,62,<WikipediaPage 'Ender's Game'>,keyerror
376,62,<WikipediaPage 'Jurassic Park III'>,"['Sam Neill', 'William H. Macy', 'Téa Leoni', 'Alessandro Nivola', 'Trevor Morgan', 'Michael Jeter']"
377,62,<WikipediaPage 'Nutty Professor II: The Klumps'>,"['Eddie Murphy', 'Janet Jackson', 'Larry Miller']"
378,63,<WikipediaPage 'Tron: Legacy'>,"['Garrett Hedlund', 'Jeff Bridges', 'Olivia Wilde', 'Bruce Boxleitner', 'James Frain', 'Beau Garrett', 'Michael Sheen']"
379,63,<WikipediaPage 'The Irishman'>,"['Al Pacino', 'Joe Pesci', 'Ray Romano', 'Bobby Cannavale', 'Anna Paquin', 'Stephen Graham', 'Harvey Keitel']"
380,63,<WikipediaPage 'The Bourne Ultimatum (film)'>,"['Matt Damon', 'Julia Stiles', 'David Strathairn', 'Scott Glenn', 'Paddy Considine', 'Édgar Ramírez', 'Albert Finney', 'Joan Allen']"
381,63,<WikipediaPage 'Home on the Range'>,keyerror
382,63,<WikipediaPage 'Rise of the Planet of the Apes'>,"['Andy Serkis', 'James Franco', 'Freida Pinto', 'John Lithgow', 'Brian Cox', 'Tom Felton', 'David Oyelowo']"
383,63,error,error
384,64,<WikipediaPage '2012'>,keyerror
385,64,<WikipediaPage 'Deepwater Horizon'>,keyerror
386,64,<WikipediaPage 'Ant-Man and the Wasp'>,"['Evangeline Lilly', 'Michael Peña', 'Walton Goggins', 'Bobby Cannavale', 'Judy Greer', 'Tip ""T.I."" Harris', 'David Dastmalchian', 'Hannah John-Kamen', 'Abby Ryder Fortson', 'Randall Park', 'Michelle Pfeiffer', 'Laurence Fishburne', 'Michael Douglas']"
387,64,<WikipediaPage 'Speed 2: Cruise Control'>,"['Sandra Bullock', 'Jason Patric', 'Willem Dafoe', 'Temuera Morrison', 'Glenn Plummer']"
388,64,<WikipediaPage 'The Spiderwick Chronicles'>,keyerror
389,64,error,error
390,65,<WikipediaPage 'Fantastic Beasts: The Crimes of Grindelwald'>,"['Eddie Redmayne', 'Katherine Waterston', 'Dan Fogler', 'Alison Sudol', 'Ezra Miller', 'Zoë Kravitz', 'Callum Turner', 'Claudia Kim', 'William Nadylam', 'Kevin Guthrie', 'Jude Law', 'Johnny Depp']"
391,65,[None None None None None None None None],error
392,65,<WikipediaPage 'Kung Fu Panda'>,keyerror
393,65,<WikipediaPage 'Kingdom of Heaven (film)'>,"['Orlando Bloom', 'Eva Green', 'Jeremy Irons', 'David Thewlis', 'Brendan Gleeson', 'Marton Csokas', 'Liam Neeson']"
394,65,<WikipediaPage 'The Incredibles'>,"['Craig T. Nelson', 'Holly Hunter', 'Sarah Vowell', 'Spencer Fox', 'Jason Lee', 'Samuel L. Jackson', 'Elizabeth Peña']"
395,65,<WikipediaPage 'Charlotte's Web'>,keyerror
396,66,error,error
397,66,<WikipediaPage 'Godzilla vs. Kong'>,"['Alexander Skarsgård', 'Millie Bobby Brown', 'Rebecca Hall', 'Brian Tyree Henry', 'Shun Oguri', 'Eiza González', 'Julian Dennison', 'Lance Reddick', 'Kyle Chandler', 'Demián Bichir']"
398,66,<WikipediaPage 'Ant-Man and the Wasp: Quantumania'>,"['Paul Rudd', 'Evangeline Lilly', 'Michael Douglas', 'Michelle Pfeiffer', 'Kathryn Newton', 'Jonathan Majors']"
399,66,<WikipediaPage 'Ghost in the Shell'>,keyerror
400,66,<WikipediaPage 'A Good Day to Die Hard'>,"['Bruce Willis', 'Jai Courtney', 'Sebastian Koch', 'Yulia Snigir', 'Cole Hauser', 'Amaury Nolasco', 'Sergei Kolesnikov']"
401,66,error,error
402,67,<WikipediaPage 'Terminator Salvation'>,"['Christian Bale', 'Sam Worthington', 'Anton Yelchin', 'Moon Bloodgood', 'Bryce Dallas Howard', 'Common', 'Jane Alexander', 'Helena Bonham Carter']"
403,67,<WikipediaPage 'Terminator Genisys'>,"['Arnold Schwarzenegger', 'Jason Clarke', 'Emilia Clarke', 'Jai Courtney', 'J. K. Simmons', 'Dayo Okeniyi', 'Matt Smith', 'Courtney B. Vance', 'Michael Gladis', 'Sandrine Holt', 'Lee Byung-hun']"
404,67,<WikipediaPage 'Home'>,error
405,67,<WikipediaPage 'Around the World in Eighty Days'>,keyerror
406,67,<WikipediaPage 'Battle of the Alamo'>,keyerror
407,67,<WikipediaPage 'Hellboy II: The Golden Army'>,"['Ron Perlman', 'Selma Blair', 'Doug Jones', 'Jeffrey Tambor', 'John Hurt']"
408,68,<WikipediaPage 'Green Lantern'>,keyerror
409,68,<WikipediaPage 'Pacific Rim: Uprising'>,"['John Boyega', 'Scott Eastwood', 'Jing Tian', 'Cailee Spaeny', 'Rinko Kikuchi', 'Burn Gorman', 'Adria Arjona', 'Max Zhang', 'Charlie Day']"
410,68,<WikipediaPage 'Mary Poppins Returns'>,"['Emily Blunt', 'Lin-Manuel Miranda', 'Ben Whishaw', 'Emily Mortimer', 'Julie Walters', 'Dick Van Dyke', 'Angela Lansbury', 'Colin Firth', 'Meryl Streep']"
411,68,<WikipediaPage 'The Cat in the Hat'>,keyerror
412,68,<WikipediaPage 'Cutthroat Island'>,"['Geena Davis', 'Matthew Modine', 'Frank Langella', 'Maury Chaykin', 'Patrick Malahide', 'Stan Shaw']"
413,68,<WikipediaPage 'The Longest Yard (2005 film)'>,"['Adam Sandler', 'Chris Rock', 'James Cromwell', 'Nelly', 'William Fichtner', 'Burt Reynolds']"
414,69,<WikipediaPage 'Prince of Persia: The Sands of Time'>,keyerror
415,69,<WikipediaPage 'Alexander'>,keyerror
416,69,<WikipediaPage 'Puss in Boots'>,keyerror
417,69,<WikipediaPage 'Ali'>,keyerror
418,69,<WikipediaPage 'The Secret Life of Walter Mitty'>,keyerror
419,69,<WikipediaPage 'The Expendables 2'>,"['Jason Statham', 'Jet Li', 'Dolph Lundgren', 'Chuck Norris', 'Jean-Claude Van Damme', 'Bruce Willis', 'Arnold Schwarzenegger', 'Terry Crews', 'Randy Couture', 'Liam Hemsworth', 'Scott Adkins', 'Amanda Ooms', 'Charisma Carpenter']"
420,70,<WikipediaPage 'Dark Phoenix (film)'>,"['James McAvoy', 'Michael Fassbender', 'Jennifer Lawrence', 'Nicholas Hoult', 'Sophie Turner', 'Tye Sheridan', 'Alexandra Shipp', 'Jessica Chastain']"
421,70,<WikipediaPage 'War for the Planet of the Apes'>,"['Andy Serkis', 'Woody Harrelson', 'Steve Zahn']"
422,70,<WikipediaPage 'Megamind'>,"['Will Ferrell', 'Tina Fey', 'Jonah Hill', 'David Cross', 'Brad Pitt', 'J.K. Simmons', 'Ben Stiller']"
423,70,<WikipediaPage 'Martian'>,error
424,70,<WikipediaPage 'Jumanji: Welcome to the Jungle'>,"['Dwayne Johnson', 'Jack Black', 'Kevin Hart', 'Karen Gillan', 'Nick Jonas', 'Bobby Cannavale']"
425,70,<WikipediaPage 'Birds of Prey (2020 film)'>,"['Mary Elizabeth Winstead', 'Jurnee Smollett-Bell', 'Rosie Perez', 'Chris Messina', 'Ella Jay Basco', 'Ali Wong', 'Ewan McGregor']"
426,71,error,error
427,71,<WikipediaPage 'Pearl Harbor'>,error
428,71,<WikipediaPage 'Bad Boys II'>,"['Martin Lawrence', 'Will Smith', 'Jordi Mollà', 'Gabrielle Union', 'Peter Stormare', 'Theresa Randle', 'Joe Pantoliano']"
429,71,<WikipediaPage 'Alliance'>,error
430,71,<WikipediaPage 'Men in black'>,error
431,71,<WikipediaPage 'The Boss Baby: Family Business'>,"['Alec Baldwin', 'James Marsden', 'Amy Sedaris', 'Jeff Goldblum', 'Eva Longoria', 'Jimmy Kimmel', 'Lisa Kudrow']"
432,72,<WikipediaPage 'Wonder Woman 1984'>,"['Chris Pine', 'Kristen Wiig', 'Pedro Pascal', 'Robin Wright', 'Connie Nielsen']"
433,72,<WikipediaPage 'Transformers'>,keyerror
434,72,<WikipediaPage 'Rio 2'>,"['Jesse Eisenberg', 'Anne Hathaway', 'Leslie Mann', 'Jemaine Clement', 'George Lopez', 'Jamie Foxx', 'will.i.am', 'Bruno Mars', 'Andy García', 'Tracy Morgan', 'Rodrigo Santoro', 'Jake T. Austin']"
435,72,"<WikipediaPage 'I, Robot'>",keyerror
436,72,<WikipediaPage 'Toy Story 2'>,"['Tom Hanks', 'Tim Allen']"
437,72,<WikipediaPage 'The 6th Day'>,"['Michael Rapaport', 'Tony Goldwyn', 'Michael Rooker', 'Sarah Wynter', 'Robert Duvall']"
438,73,<WikipediaPage 'Hua Mulan'>,keyerror
439,73,<WikipediaPage 'Frozen II'>,"['Kristen Bell', 'Idina Menzel', 'Josh Gad', 'Jonathan Groff']"
440,73,<WikipediaPage 'Salt'>,error
441,73,<WikipediaPage 'Stuart Little'>,keyerror
442,73,<WikipediaPage 'Rush Hour 2'>,"['Jackie Chan', 'Chris Tucker', 'John Lone', 'Alan King', 'Roselyn Sánchez', 'Harris Yulin', 'Zhang Ziyi']"
443,73,<WikipediaPage 'Bruce Almighty'>,"['Jim Carrey', 'Morgan Freeman', 'Jennifer Aniston', 'Philip Baker Hall']"
444,74,<WikipediaPage 'Eternals (comics)'>,keyerror
445,74,<WikipediaPage 'Wonder Woman'>,keyerror
446,74,<WikipediaPage 'Noah'>,keyerror
447,74,<WikipediaPage 'The Princess and the Frog'>,"['Anika Noni Rose', 'Bruno Campos', 'Keith David', 'Michael-Leon Wooley', 'Jim Cummings', 'Jennifer Cody', 'Peter Bartlett', 'Jenifer Lewis', 'Oprah Winfrey', 'Terrence Howard', 'John Goodman']"
448,74,<WikipediaPage 'Sherlock Holmes'>,keyerror
449,74,<WikipediaPage 'The Hunger Games'>,keyerror
450,75,<WikipediaPage 'Transformers: Dark of the Moon'>,"['Shia LaBeouf', 'Josh Duhamel', 'John Turturro', 'Tyrese Gibson', 'Rosie Huntington-Whiteley', 'Patrick Dempsey', 'Kevin Dunn', 'Julie White', 'John Malkovich', 'Frances McDormand']"
451,75,error,error
452,75,<WikipediaPage 'The Adventures of Tintin'>,keyerror
453,75,"<WikipediaPage '10,000 BC (film)'>","['Steven Strait', 'Camilla Belle', 'Cliff Curtis']"
454,75,<WikipediaPage 'Bad Boys for Life'>,"['Martin Lawrence', 'Paola Núñez', 'Vanessa Hudgens', 'Alexander Ludwig', 'Charles Melton', 'Kate del Castillo', 'Nicky Jam', 'Joe Pantoliano']"
455,75,<WikipediaPage 'The Hangover Part II'>,"['Bradley Cooper', 'Ed Helms', 'Zach Galifianakis', 'Ken Jeong', 'Jeffrey Tambor', 'Justin Bartha', 'Paul Giamatti']"
456,76,<WikipediaPage 'Mummy'>,keyerror
457,76,<WikipediaPage 'Zootopia'>,"['Ginnifer Goodwin', 'Jason Bateman', 'Idris Elba', 'Jenny Slate', 'Nate Torrence', 'Bonnie Hunt', 'Don Lake', 'Tommy Chong', 'J. K. Simmons', 'Octavia Spencer', 'Alan Tudyk', 'Shakira']"
458,76,<WikipediaPage 'After Earth'>,"['Jaden Smith', 'Will Smith']"
459,76,<WikipediaPage 'Ice Age: Collision Course'>,"['Ray Romano', 'John Leguizamo', 'Denis Leary', 'Josh Peck', 'Simon Pegg', 'Seann William Scott', 'Jennifer Lopez', 'Queen Latifah']"
460,76,<WikipediaPage 'Ice Age: Dawn of the Dinosaurs'>,"['Ray Romano', 'John Leguizamo', 'Denis Leary', 'Queen Latifah', 'Simon Pegg', 'Seann William Scott', 'Josh Peck']"
461,76,<WikipediaPage 'Mission: Impossible'>,keyerror
462,77,<WikipediaPage 'Jack the Giant Slayer'>,"['Nicholas Hoult', 'Eleanor Tomlinson', 'Stanley Tucci', 'Ian McShane', 'Bill Nighy', 'Ewan McGregor']"
463,77,<WikipediaPage 'Harry Potter and the Order of the Phoenix'>,keyerror
464,77,<WikipediaPage 'Australia'>,keyerror
465,77,<WikipediaPage 'Chrysler Town & Country (minivan)'>,keyerror
466,77,<WikipediaPage 'Spider-Man: Into the Spider-Verse'>,"['Shameik Moore', 'Jake Johnson', 'Hailee Steinfeld', 'Mahershala Ali', 'Brian Tyree Henry', 'Lily Tomlin', 'Luna Lauren Velez', 'John Mulaney', 'Kimiko Glenn', 'Nicolas Cage', 'Liev Schreiber']"
467,77,<WikipediaPage 'The Lego Batman Movie'>,"['Will Arnett', 'Zach Galifianakis', 'Michael Cera', 'Rosario Dawson', 'Ralph Fiennes']"
468,78,<WikipediaPage 'Furious 7'>,"['Paul Walker', 'Dwayne Johnson', 'Michelle Rodriguez', 'Tyrese Gibson', 'Chris “Ludacris” Bridges', 'Jordana Brewster', 'Djimon Hounsou', 'Kurt Russell', 'Jason Statham']"
469,78,<WikipediaPage 'Harry Potter and the Goblet of Fire'>,keyerror
470,78,<WikipediaPage 'R.I.P.D.'>,"['Jeff Bridges', 'Ryan Reynolds', 'Kevin Bacon', 'Mary-Louise Parker', 'Stéphanie Szostak']"
471,78,<WikipediaPage 'Kingsman: The Golden Circle'>,"['Colin Firth', 'Julianne Moore', 'Taron Egerton', 'Mark Strong', 'Halle Berry', 'Elton John', 'Channing Tatum', 'Jeff Bridges']"
472,78,<WikipediaPage 'What Lies Beneath'>,"['Harrison Ford', 'Michelle Pfeiffer', 'Diana Scarwid']"
473,78,<WikipediaPage 'Hotel Transylvania 2'>,"['Adam Sandler', 'Andy Samberg', 'Selena Gomez', 'Kevin James', 'David Spade', 'Steve Buscemi', 'Keegan-Michael Key', 'Molly Shannon', 'Fran Drescher', 'Mel Brooks']"
474,79,<WikipediaPage 'Star Trek Into Darkness'>,"['John Cho', 'Benedict Cumberbatch', 'Alice Eve', 'Bruce Greenwood', 'Simon Pegg', 'Chris Pine', 'Zachary Quinto', 'Zoe Saldana', 'Karl Urban', 'Peter Weller', 'Anton Yelchin']"
475,79,<WikipediaPage 'The Matrix Reloaded'>,"['Keanu Reeves', 'Laurence Fishburne', 'Carrie-Anne Moss', 'Hugo Weaving', 'Jada Pinkett Smith', 'Gloria Foster']"
476,79,<WikipediaPage 'How to Train Your Dragon: The Hidden World'>,"['Jay Baruchel', 'America Ferrera', 'F. Murray Abraham', 'Cate Blanchett', 'Gerard Butler', 'Craig Ferguson', 'Jonah Hill', 'Christopher Mintz Plasse', 'Kristen Wiig', 'Kit Harrington']"
477,79,<WikipediaPage 'Gone in 60 Seconds (2000 film)'>,"['Nicolas Cage', 'Angelina Jolie', 'Giovanni Ribisi', 'Delroy Lindo', 'Will Patton', 'Christopher Eccleston', 'Chi McBride', 'Robert Duvall']"
478,79,<WikipediaPage 'Sonic the Hedgehog'>,keyerror
479,79,<WikipediaPage 'Batman Returns'>,"['Michael Keaton', 'Danny DeVito', 'Michelle Pfeiffer', 'Christopher Walken', 'Michael Gough', 'Pat Hingle', 'Michael Murphy', 'Vincent Schiavelli']"
480,80,<WikipediaPage 'World War Z'>,keyerror
481,80,<WikipediaPage 'I Am Legend (film)'>,"['Will Smith', 'Alice Braga', 'Dash Mihok']"
482,80,<WikipediaPage 'The Twilight Saga: Breaking Dawn – Part 1'>,"['Kristen Stewart', 'Robert Pattinson', 'Taylor Lautner', 'Billy Burke', 'Peter Facinelli', 'Elizabeth Reaser', 'Kellan Lutz', 'Nikki Reed', 'Jackson Rathbone', 'Ashley Greene']"
483,80,<WikipediaPage 'Gladiator'>,error
484,80,error,error
485,80,<WikipediaPage 'The Secret Life of Pets 2'>,"['Patton Oswalt', 'Kevin Hart', 'Eric Stonestreet', 'Jenny Slate', 'Tiffany Haddish', 'Lake Bell', 'Nick Kroll', 'Dana Carvey', 'Ellie Kemper', 'Chris Renaud', 'Hannibal Buress', 'Bobby Moynihan', 'Harrison Ford']"
486,81,<WikipediaPage 'The Great Gatsby'>,keyerror
487,81,<WikipediaPage 'Moana (2016 film)'>,"['Auliʻi Cravalho', 'Dwayne Johnson', 'Rachel House', 'Temuera Morrison', 'Jemaine Clement', 'Nicole Scherzinger', 'Alan Tudyk']"
488,81,<WikipediaPage 'Dinosaur'>,keyerror
489,81,<WikipediaPage 'The Hangover Part III'>,"['Bradley Cooper', 'Ed Helms', 'Zach Galifianakis', 'Ken Jeong', 'Heather Graham', 'Jeffrey Tambor', 'Justin Bartha', 'John Goodman']"
490,81,<WikipediaPage 'Once Upon a Time in Hollywood'>,"['Leonardo DiCaprio', 'Brad Pitt', 'Margot Robbie', 'Emile Hirsch', 'Margaret Qualley', 'Timothy Olyphant', 'Austin Butler', 'Dakota Fanning', 'Bruce Dern', 'Al Pacino']"
491,81,<WikipediaPage 'Mummy'>,keyerror
492,82,<WikipediaPage 'A Christmas Carol (2009 film)'>,"['Jim Carrey', 'Gary Oldman', 'Colin Firth', 'Bob Hoskins', 'Robin Wright Penn', 'Cary Elwes']"
493,82,error,error
494,82,error,error
495,82,<WikipediaPage 'A Wrinkle in Time'>,keyerror
496,82,<WikipediaPage 'The Departed'>,"['Leonardo DiCaprio', 'Matt Damon', 'Jack Nicholson', 'Mark Wahlberg', 'Martin Sheen', 'Ray Winstone', 'Vera Farmiga', 'Alec Baldwin']"
497,82,<WikipediaPage 'Over the Hedge (film)'>,"['Bruce Willis', 'Garry Shandling', 'Steve Carell', 'Wanda Sykes', 'William Shatner', 'Nick Nolte', 'Thomas Haden Church', 'Allison Janney', 'Eugene Levy', ""Catherine O'Hara"", 'Avril Lavigne', 'Omid Djalili', 'Brian Stepanek']"
498,83,<WikipediaPage 'Pacific Rim'>,error
499,83,<WikipediaPage 'Charlie and the Chocolate Factory'>,keyerror
500,83,<WikipediaPage 'Night at the Museum: Secret of the Tomb'>,"['Ben Stiller', 'Robin Williams', 'Owen Wilson', 'Dan Stevens', 'Ben Kingsley']"
501,83,<WikipediaPage 'Public Enemy'>,keyerror
502,83,<WikipediaPage 'Charlie's Angels'>,"['Kate Jackson', 'Farrah Fawcett', 'Jaclyn Smith', 'Cheryl Ladd', 'Shelley Hack', 'Tanya Roberts', 'David Doyle']"
503,83,<WikipediaPage 'Lilo & Stitch'>,"['Daveigh Chase', 'Tia Carrere', 'Ving Rhames', 'David Ogden Stiers', 'Kevin McDonald', 'Jason Scott Lee', 'Zoe Caldwell', 'Kevin Michael Richardson']"
504,84,<WikipediaPage 'The Good Dinosaur'>,"['Raymond Ochoa', 'Sam Elliott', 'Anna Paquin', 'A.J. Buckley', 'Steve Zahn', 'Jeffrey Wright', 'Frances McDormand']"
505,84,<WikipediaPage 'Ratatouille (film)'>,"['Patton Oswalt', 'Ian Holm', 'Lou Romano', 'Janeane Garofalo', 'Brad Garrett', ""Peter O'Toole"", 'Brian Dennehy', 'Peter Sohn', 'Will Arnett']"
506,84,<WikipediaPage 'Harry Potter and the Deathly Hallows – Part 2'>,"['Daniel Radcliffe', 'Rupert Grint', 'Emma Watson', 'Helena Bonham Carter', 'Robbie Coltrane', 'Warwick Davis', 'Ralph Fiennes', 'Michael Gambon', 'John Hurt', 'Jason Isaacs', 'Gary Oldman', 'Alan Rickman', 'Maggie Smith', 'David Thewlis', 'Julie Walters']"
507,84,<WikipediaPage 'Casino Royale (2006 film)'>,"['Daniel Craig', 'Eva Green', 'Mads Mikkelsen', 'Jeffrey Wright', 'Judi Dench']"
508,84,<WikipediaPage 'Hua Mulan'>,keyerror
509,84,<WikipediaPage 'Deep Impact (film)'>,"['Robert Duvall', 'Téa Leoni', 'Elijah Wood', 'Vanessa Redgrave', 'Maximilian Schell', 'Morgan Freeman']"
510,85,<WikipediaPage 'Iron Man'>,keyerror
511,85,<WikipediaPage 'Thor: The Dark World'>,"['Chris Hemsworth', 'Natalie Portman', 'Tom Hiddleston', 'Anthony Hopkins', 'Stellan Skarsgård', 'Idris Elba', 'Christopher Eccleston', 'Adewale Akinnuoye-Agbaje', 'Kat Dennings', 'Ray Stevenson', 'Zachary Levi', 'Tadanobu Asano', 'Jaimie Alexander', 'Rene Russo']"
512,85,<WikipediaPage 'The Hunger Games: Mockingjay – Part 1'>,"['Jennifer Lawrence', 'Josh Hutcherson', 'Liam Hemsworth', 'Woody Harrelson', 'Elizabeth Banks', 'Julianne Moore', 'Philip Seymour Hoffman', 'Jeffrey Wright', 'Stanley Tucci', 'Donald Sutherland']"
513,85,<WikipediaPage 'Minority Report (film)'>,"['Tom Cruise', 'Colin Farrell', 'Samantha Morton', 'Max von Sydow']"
514,85,<WikipediaPage 'Tropic Thunder'>,"['Jack Black', 'Robert Downey Jr.', 'Steve Coogan', 'Jay Baruchel', 'Danny McBride', 'Brandon T. Jackson', 'Bill Hader', 'Nick Nolte']"
515,85,<WikipediaPage 'Grown Ups 2'>,"['Adam Sandler', 'Kevin James', 'Chris Rock', 'David Spade', 'Salma Hayek', 'Maya Rudolph', 'Maria Bello', 'Nick Swardson']"
516,86,<WikipediaPage 'The Dark Knight Rises'>,"['Christian Bale', 'Michael Caine', 'Gary Oldman', 'Anne Hathaway', 'Tom Hardy', 'Marion Cotillard', 'Joseph Gordon-Levitt', 'Morgan Freeman']"
517,86,<WikipediaPage 'Batman Begins'>,"['Christian Bale', 'Michael Caine', 'Liam Neeson', 'Katie Holmes', 'Gary Oldman', 'Cillian Murphy', 'Tom Wilkinson', 'Rutger Hauer', 'Ken Watanabe', 'Morgan Freeman']"
518,86,<WikipediaPage 'Harry Potter and the Philosopher's Stone'>,keyerror
519,86,<WikipediaPage 'Bumblebee'>,keyerror
520,86,<WikipediaPage 'The Girl with the Dragon Tattoo (2011 film)'>,"['Rooney Mara', 'Daniel Craig', 'Christopher Plummer', 'Stellan Skarsgård', 'Steven Berkoff', 'Robin Wright', 'Yorick van Wageningen', 'Joely Richardson']"
521,86,<WikipediaPage 'Alvin and the Chipmunks: Chipwrecked'>,"['Jason Lee', 'David Cross', 'Jenny Slate', 'Justin Long', 'Matthew Gray Gubler', 'Jesse McCartney', 'Christina Applegate', 'Anna Faris', 'Amy Poehler', 'Alan Tudyk']"
522,87,<WikipediaPage 'Indiana Jones and the Kingdom of the Crystal Skull'>,"['Harrison Ford', 'Cate Blanchett', 'Karen Allen', 'Ray Winstone', 'John Hurt', 'Jim Broadbent', 'Shia LaBeouf']"
523,87,<WikipediaPage 'Mission: Impossible – Rogue Nation'>,"['Jeremy Renner', 'Simon Pegg', 'Rebecca Ferguson', 'Ving Rhames', 'Sean Harris', 'Alec Baldwin']"
524,87,<WikipediaPage 'Jumanji: The Next Level'>,"['Jack Black', 'Kevin Hart', 'Karen Gillan', 'Nick Jonas', 'Awkwafina', 'Danny Glover', 'Danny DeVito']"
525,87,<WikipediaPage 'Cloud Atlas (film)'>,"['Tom Hanks', 'Halle Berry', 'Jim Broadbent', 'Hugo Weaving', 'Jim Sturgess', 'Doona Bae', 'Ben Whishaw', ""James D'Arcy"", 'Zhou Xun', 'Keith David', 'David Gyasi', 'Susan Sarandon', 'Hugh Grant']"
526,87,error,error
527,87,<WikipediaPage 'Get Smart'>,"['Don Adams', 'Barbara Feldon', 'Edward Platt']"
528,88,error,error
529,88,<WikipediaPage 'Dunkirk'>,keyerror
530,88,<WikipediaPage 'Harry Potter and the Deathly Hallows – Part 1'>,"['Daniel Radcliffe', 'Rupert Grint', 'Emma Watson', 'Helena Bonham Carter', 'Robbie Coltrane', 'Warwick Davis', 'Ralph Fiennes', 'Michael Gambon', 'Brendan Gleeson', 'Richard Griffiths', 'John Hurt', 'Jason Isaacs', 'Alan Rickman', 'Fiona Shaw', 'Timothy Spall', 'Imelda Staunton', 'David Thewlis', 'Julie Walters']"
531,88,<WikipediaPage 'Harry Potter and the Chamber of Secrets'>,keyerror
532,88,<WikipediaPage 'You Don't Mess with the Zohan'>,"['John Turturro', 'Emmanuelle Chriqui', 'Nick Swardson', 'Lainie Kazan', 'Rob Schneider']"
533,88,<WikipediaPage 'Robot'>,keyerror
534,89,<WikipediaPage 'Kong: Skull Island'>,"['Tom Hiddleston', 'Samuel L. Jackson', 'John Goodman', 'Brie Larson', 'Jing Tian', 'Toby Kebbell', 'John Ortiz', 'Corey Hawkins', 'Jason Mitchell', 'Shea Whigham', 'Thomas Mann', 'Terry Notary', 'John C. Reilly']"
535,89,<WikipediaPage 'Thor'>,error
536,89,<WikipediaPage 'The Da Vinci Code'>,keyerror
537,89,<WikipediaPage 'Terminator 2: Judgment Day'>,"['Arnold Schwarzenegger', 'Linda Hamilton', 'Robert Patrick']"
538,89,<WikipediaPage 'Die Hard with a Vengeance'>,"['Bruce Willis', 'Jeremy Irons', 'Samuel L. Jackson', 'Graham Greene', 'Colleen Camp', 'Larry Bryggman', 'Sam Phillips']"
539,89,<WikipediaPage 'Shutter Island (film)'>,"['Leonardo DiCaprio', 'Mark Ruffalo', 'Ben Kingsley', 'Michelle Williams', 'Emily Mortimer', 'Patricia Clarkson', 'Max von Sydow']"
540,90,<WikipediaPage 'Star Trek Beyond'>,"['Chris Pine', 'John Cho', 'Simon Pegg', 'Zachary Quinto', 'Zoe Saldana', 'Karl Urban', 'Anton Yelchin', 'Idris Elba']"
541,90,<WikipediaPage 'Madagascar: Escape 2 Africa'>,"['Ben Stiller', 'Chris Rock', 'David Schwimmer', 'Jada Pinkett Smith', 'Sacha Baron Cohen', 'Cedric the Entertainer', 'Andy Richter', 'Bernie Mac', 'Alec Baldwin', 'Sherri Shepherd', 'will.i.am']"
542,90,<WikipediaPage 'X2 (film)'>,"['Patrick Stewart', 'Hugh Jackman', 'Ian McKellen', 'Halle Berry', 'Famke Janssen', 'James Marsden', 'Rebecca Romijn-Stamos', 'Brian Cox', 'Alan Cumming', 'Bruce Davison', 'Anna Paquin']"
543,90,<WikipediaPage 'Batman Forever'>,"['Val Kilmer', 'Tommy Lee Jones', 'Jim Carrey', 'Nicole Kidman', ""Chris O'Donnell"", 'Michael Gough', 'Pat Hingle']"
544,90,<WikipediaPage 'The Magnificent Seven'>,"['Yul Brynner', 'Eli Wallach', 'Steve McQueen', 'Charles Bronson', 'Robert Vaughn', 'Horst Buchholz']"
545,90,<WikipediaPage 'Something's Gotta Give (film)'>,"['Jack Nicholson', 'Diane Keaton', 'Keanu Reeves', 'Frances McDormand', 'Amanda Peet', 'Jon Favreau']"
546,91,<WikipediaPage 'Maleficent: Mistress of Evil'>,"['Elle Fanning', 'Chiwetel Ejiofor', 'Sam Riley', 'Ed Skrein', 'Imelda Staunton', 'Juno Temple', 'Lesley Manville', 'Michelle Pfeiffer']"
547,91,<WikipediaPage 'X-Men Origins: Wolverine'>,"['Hugh Jackman', 'Liev Schreiber', 'Danny Huston', 'Dominic Monaghan', 'Ryan Reynolds']"
548,91,<WikipediaPage 'Fast Five'>,"['Paul Walker', 'Jordana Brewster', 'Tyrese Gibson', 'Ludacris', 'Sung Kang', 'Tego Calderon', 'Don Omar', 'Gal Gadot', 'Dwayne Johnson', 'Matt Schulze']"
549,91,<WikipediaPage 'Planet of the Apes'>,keyerror
550,91,<WikipediaPage 'Alvin and the Chipmunks: The Road Chip'>,"['Jason Lee', 'Tony Hale', 'Kimberly Williams-Paisley', 'Bella Thorne', 'Justin Long', 'Matthew Gray Gubler', 'Jesse McCartney', 'Kaley Cuoco', 'Anna Faris', 'Christina Applegate']"
551,91,<WikipediaPage 'Four Christmases'>,"['Vince Vaughn', 'Reese Witherspoon', 'Robert Duvall', 'Jon Favreau', 'Mary Steenburgen', 'Dwight Yoakam', 'Tim McGraw', 'Kristin Chenoweth', 'Jon Voight', 'Sissy Spacek']"
552,92,<WikipediaPage 'Blade Runner 2049'>,"['Ryan Gosling', 'Harrison Ford', 'Ana de Armas', 'Sylvia Hoeks', 'Robin Wright', 'Mackenzie Davis', 'Carla Juri', 'Lennie James', 'Dave Bautista', 'Jared Leto']"
553,92,<WikipediaPage 'Night at the Museum: Battle of the Smithsonian'>,"['Ben Stiller', 'Amy Adams', 'Owen Wilson', 'Hank Azaria', 'Christopher Guest', 'Alain Chabat', 'Steve Coogan', 'Ricky Gervais', 'Bill Hader', 'Jon Bernthal', 'Robin Williams']"
554,92,<WikipediaPage 'Teenage Mutant Ninja Turtles'>,keyerror
555,92,<WikipediaPage 'National treasure'>,error
556,92,<WikipediaPage 'Atlantis: The Lost Empire'>,"['Michael J. Fox', 'James Garner', 'Cree Summer', 'Don Novello', 'Phil Morris', 'Claudia Christian', 'Jacqueline Obradors', 'Florence Stanley', 'David Ogden Stiers', 'John Mahoney', 'Jim Varney', 'Corey Burton', 'Leonard Nimoy']"
557,92,<WikipediaPage 'Face/Off'>,"['John Travolta', 'Nicolas Cage', 'Joan Allen', 'Gina Gershon', 'Alessandro Nivola', 'Colm Feore']"
558,93,<WikipediaPage 'Terminator: Dark Fate'>,"['Linda Hamilton', 'Arnold Schwarzenegger', 'Mackenzie Davis', 'Natalia Reyes', 'Gabriel Luna', 'Diego Boneta']"
559,93,<WikipediaPage 'Kung Fu Panda 2'>,"['Jack Black', 'Angelina Jolie', 'Dustin Hoffman', 'Gary Oldman', 'Seth Rogen', 'Lucy Liu', 'David Cross', 'James Hong', 'Michelle Yeoh', 'Danny McBride', 'Dennis Haysbert', 'Jean-Claude Van Damme', 'Victor Garber', 'Jackie Chan']"
560,93,<WikipediaPage 'Sherlock Holmes: A Game of Shadows'>,"['Robert Downey Jr.', 'Jude Law', 'Noomi Rapace', 'Jared Harris', 'Eddie Marsan', 'Rachel McAdams']"
561,93,<WikipediaPage 'Django Unchained'>,"['Jamie Foxx', 'Christoph Waltz', 'Leonardo DiCaprio', 'Kerry Washington', 'Samuel L. Jackson', 'Walton Goggins', 'Dennis Christopher', 'James Remar', 'Michael Parks', 'Don Johnson']"
562,93,<WikipediaPage 'Valkyrie'>,error
563,93,<WikipediaPage 'Bedtime Stories (film)'>,"['Keri Russell', 'Guy Pearce', 'Russell Brand', 'Richard Griffiths', 'Jonathan Pryce', 'Courteney Cox', 'Lucy Lawless', 'Teresa Palmer']"
564,94,<WikipediaPage 'Aladdin'>,keyerror
565,94,<WikipediaPage 'Mad Max: Fury Road'>,"['Tom Hardy', 'Charlize Theron', 'Nicholas Hoult', 'Hugh Keays-Byrne', 'Rosie Huntington-Whiteley', 'Riley Keough', 'Zoë Kravitz', 'Abbey Lee', 'Courtney Eaton']"
566,94,<WikipediaPage 'The Day After Tomorrow'>,"['Dennis Quaid', 'Jake Gyllenhaal', 'Ian Holm', 'Emmy Rossum', 'Sela Ward']"
567,94,<WikipediaPage '1917'>,keyerror
568,94,<WikipediaPage 'Pixel'>,error
569,94,<WikipediaPage 'Road to Perdition'>,"['Tom Hanks', 'Paul Newman', 'Jude Law', 'Jennifer Jason Leigh', 'Stanley Tucci', 'Daniel Craig']"
570,95,<WikipediaPage 'Thor: Ragnarok'>,"['Chris Hemsworth', 'Tom Hiddleston', 'Cate Blanchett', 'Idris Elba', 'Jeff Goldblum', 'Tessa Thompson', 'Karl Urban', 'Mark Ruffalo', 'Anthony Hopkins']"
571,95,<WikipediaPage 'Detective Pikachu (film)'>,"['Ryan Reynolds', 'Justice Smith', 'Kathryn Newton', 'Suki Waterhouse', 'Omar Chaparro', 'Chris Geere', 'Ken Watanabe', 'Bill Nighy']"
572,95,<WikipediaPage 'The Boss Baby'>,"['Alec Baldwin', 'Steve Buscemi', 'Jimmy Kimmel', 'Lisa Kudrow']"
573,95,<WikipediaPage 'Little Fockers'>,"['Robert De Niro', 'Ben Stiller', 'Owen Wilson', 'Blythe Danner', 'Teri Polo', 'Jessica Alba', 'Laura Dern', 'Harvey Keitel', 'Dustin Hoffman', 'Barbra Streisand', 'Scott Thorley']"
574,95,<WikipediaPage 'Artificial intelligence'>,error
575,95,<WikipediaPage 'Just Go with It'>,['Jennifer Aniston']
576,96,"<WikipediaPage 'The Chronicles of Narnia: The Lion, the Witch and the Wardrobe'>","['William Moseley', 'Anna Popplewell', 'Skandar Keynes', 'Georgie Henley', 'Tilda Swinton', 'James McAvoy', 'Jim Broadbent', 'Liam Neeson']"
577,96,<WikipediaPage 'The Matrix Revolutions'>,"['Keanu Reeves', 'Laurence Fishburne', 'Carrie-Anne Moss', 'Hugo Weaving', 'Jada Pinkett Smith']"
578,96,<WikipediaPage 'Clash of the Titans (2010 film)'>,"['Sam Worthington', 'Gemma Arterton', 'Mads Mikkelsen', 'Alexa Davalos', 'Ralph Fiennes', 'Liam Neeson']"
579,96,<WikipediaPage 'True Lies'>,"['Arnold Schwarzenegger', 'Jamie Lee Curtis', 'Tom Arnold', 'Bill Paxton', 'Art Malik', 'Tia Carrere']"
580,96,<WikipediaPage 'The Haunted Mansion'>,keyerror
581,96,error,error
582,97,<WikipediaPage 'Maleficent'>,keyerror
583,97,<WikipediaPage 'Ready Player One'>,keyerror
584,97,<WikipediaPage 'Troll'>,error
585,97,<WikipediaPage 'American Gangster (film)'>,"['Russell Crowe', 'Denzel Washington', 'Chiwetel Ejiofor', 'Cuba Gooding Jr.', 'Josh Brolin', 'Ted Levine', 'Armand Assante', 'John Ortiz', 'John Hawkes', 'RZA']"
586,97,<WikipediaPage 'Hollow Man'>,"['Elisabeth Shue', 'Kevin Bacon', 'Josh Brolin', 'Kim Dickens', 'Greg Grunberg', 'Joey Slotnick', 'William Devane']"
587,97,<WikipediaPage 'Eagle Eye'>,"['Shia LaBeouf', 'Michelle Monaghan', 'Rosario Dawson', 'Michael Chiklis', 'Anthony Mackie', 'Billy Bob Thornton']"
588,98,<WikipediaPage 'Fantastic Beasts and Where to Find Them (film)'>,"['Eddie Redmayne', 'Katherine Waterston', 'Dan Fogler', 'Alison Sudol', 'Ezra Miller', 'Samantha Morton', 'Jon Voight', 'Carmen Ejogo', 'Ron Perlman', 'Colin Farrell']"
589,98,<WikipediaPage 'Henny Penny'>,error
590,98,<WikipediaPage 'Godzilla'>,keyerror
591,98,<WikipediaPage 'Cloudy with a Chance of Meatballs (film)'>,"['Bill Hader', 'Anna Faris', 'James Caan', 'Andy Samberg', 'Bruce Campbell', 'Mr. T', ""Bobb'e J. Thompson"", 'Benjamin Bratt', 'Neil Patrick Harris', 'Al Roker', 'Lauren Graham', 'Will Forte']"
592,98,<WikipediaPage 'The Interpreter'>,"['Nicole Kidman', 'Sean Penn', 'Catherine Keener']"
593,98,<WikipediaPage 'Con Air'>,"['Nicolas Cage', 'John Cusack', 'John Malkovich', 'Steve Buscemi', 'Ving Rhames', 'Colm Meaney', 'Mykelti Williamson', 'Rachel Ticotin']"
594,99,<WikipediaPage 'WALL-E'>,"['Ben Burtt', 'Elissa Knight', 'Jeff Garlin', 'Fred Willard', 'John Ratzenberger', 'Kathy Najimy', 'Sigourney Weaver']"
595,99,<WikipediaPage 'Mission: Impossible III'>,"['Philip Seymour Hoffman', 'Ving Rhames', 'Billy Crudup', 'Michelle Monaghan', 'Jonathan Rhys Meyers', 'Keri Russell', 'Maggie Q', 'Laurence Fishburne']"
596,99,<WikipediaPage 'Prometheus'>,keyerror
597,99,<WikipediaPage 'The Other Guys'>,"['Mark Wahlberg', 'Eva Mendes', 'Michael Keaton', 'Steve Coogan', 'Ray Stevenson', 'Samuel L. Jackson', 'Dwayne Johnson']"
598,99,<WikipediaPage 'Percy Jackson: Sea of Monsters'>,"['Logan Lerman', 'Brandon T. Jackson', 'Alexandra Daddario', 'Jake Abel', 'Douglas Smith', 'Stanley Tucci']"
599,99,<WikipediaPage 'Yogi Bear'>,keyerror
