,Actor,value,variable,Title
0,"['Robert Downey Jr.', 'Chris Evans', 'Mark Ruffalo', 'Chris Hemsworth', 'Scarlett Johansson', 'Jeremy Renner', 'Don Cheadle', 'Paul Rudd', 'Brie Larson', 'Karen Gillan', 'Danai Gurira', 'Benedict Wong', 'Jon Favreau', 'Bradley Cooper', 'Gwyneth Paltrow', 'Josh Brolin']",<WikipediaPage 'Avengers: Endgame'>,0,Avengers: Endgame
1,"['Jackie Chan', 'Chris Tucker', 'Hiroyuki Sanada', 'Noémie Lenoir', 'Yvan Attal', 'Youki Kudoh', 'Max von Sydow']",<WikipediaPage 'Rush Hour 3'>,0,Pirates of the Caribbean: On Stranger Tides
2,keyerror,<WikipediaPage 'Angels & Demons'>,0,Avengers: Age of Ultron
3,"['Jeremy Renner', 'Rachel Weisz', 'Edward Norton', 'Albert Finney', 'Joan Allen', 'Stacey Keach', 'Oscar Isaac', 'Scott Glenn']",<WikipediaPage 'The Bourne Legacy (film)'>,0,Star Wars Ep. VII: The Force Awakens
4,"['Jim Carrey', 'Jude Law', 'Liam Aiken', 'Emily Browning', 'Timothy Spall', ""Catherine O'Hara"", 'Billy Connolly', 'Cedric the Entertainer', 'Luis Guzmán', 'Jennifer Coolidge', 'Meryl Streep']",<WikipediaPage 'Lemony Snicket's A Series of Unfortunate Events'>,0,Avengers: Infinity War
5,"['Angelina Jolie', 'Jon Voight', 'Iain Glen', 'Noah Taylor', 'Daniel Craig']",<WikipediaPage 'Lara Croft: Tomb Raider'>,0,Pirates of the Caribbean: At Worlds End
6,"['Johnny Depp', 'Penélope Cruz', 'Ian McShane', 'Kevin R. McNally', 'Geoffrey Rush']",<WikipediaPage 'Pirates of the Caribbean: On Stranger Tides'>,1,Justice League
7,"['Alexander Skarsgård', 'Samuel L. Jackson', 'Margot Robbie', 'Djimon Hounsou', 'Jim Broadbent', 'Christoph Waltz']",<WikipediaPage 'The Legend of Tarzan (film)'>,1,Spectre
8,keyerror,<WikipediaPage 'Troy'>,1,Star Wars: The Rise of Skywalker
9,"['Arnold Schwarzenegger', 'George Clooney', ""Chris O'Donnell"", 'Uma Thurman', 'Alicia Silverstone', 'Michael Gough', 'Pat Hingle', 'Elle Macpherson']",<WikipediaPage 'Batman & Robin (film)'>,1,Solo: A Star Wars Story
10,"['Jonah Hill', 'Margot Robbie', 'Matthew McConaughey', 'Kyle Chandler', 'Rob Reiner', 'Jon Favreau', 'Jean Dujardin', 'Jon Bernthal']",<WikipediaPage 'The Wolf of Wall Street (2013 film)'>,1,John Carter
11,"['Jesse Eisenberg', 'Mark Ruffalo', 'Woody Harrelson', 'Dave Franco', 'Daniel Radcliffe', 'Lizzy Caplan', 'Jay Chou', 'Sanaa Lathan', 'Michael Caine', 'Morgan Freeman']",<WikipediaPage 'Now You See Me 2'>,1,Batman v Superman: Dawn of Justice
12,"['Robert Downey Jr.', 'Chris Hemsworth', 'Mark Ruffalo', 'Chris Evans', 'Scarlett Johansson', 'Jeremy Renner', 'Don Cheadle', 'Aaron Taylor-Johnson', 'Elizabeth Olsen', 'Paul Bettany', 'Cobie Smulders', 'Anthony Mackie', 'Hayley Atwell', 'Idris Elba', 'Stellan Skarsgård', 'James Spader', 'Samuel L. Jackson']",<WikipediaPage 'Avengers: Age of Ultron'>,2,The Lion King
13,error,error,2,Tangled
14,keyerror,<WikipediaPage 'Avatar: The Last Airbender'>,2,Spider-Man 3
15,error,<WikipediaPage 'Skyscraper'>,2,Captain America: Civil War
16,error,error,2,Harry Potter and the Half-Blood Prince
17,"['Robert Redford', 'Brad Pitt', 'Catherine McCormack', 'Stephen Dillane', 'Larry Bryggman']",<WikipediaPage 'Spy Game'>,2,The Hobbit: The Desolation of Smaug
18,"['Harrison Ford', 'Mark Hamill', 'Carrie Fisher', 'Adam Driver', 'Daisy Ridley', 'John Boyega', 'Oscar Isaac', ""Lupita Nyong'o"", 'Andy Serkis', 'Domhnall Gleeson', 'Anthony Daniels', 'Peter Mayhew', 'Max von Sydow']",<WikipediaPage 'Star Wars: The Force Awakens'>,3,The Hobbit: The Battle of the Five Armies
19,"['Dane DeHaan', 'Cara Delevingne', 'Clive Owen', 'Rihanna', 'Ethan Hawke', 'Herbie Hancock', 'Kris Wu', 'Rutger Hauer']",<WikipediaPage 'Valerian and the City of a Thousand Planets'>,3,The Fate of the Furious
20,"['Renée Zellweger', 'Matthew Broderick', 'John Goodman', 'Patrick Warburton', 'Chris Rock']",<WikipediaPage 'Bee Movie'>,3,No Time to Die
21,keyerror,<WikipediaPage 'The Call of the Wild'>,3,Avatar
22,error,<WikipediaPage 'Eraser'>,3,Superman Returns
23,error,error,3,The Dark Knight Rises
24,"['Robert Downey Jr.', 'Chris Hemsworth', 'Mark Ruffalo', 'Chris Evans', 'Scarlett Johansson', 'Benedict Cumberbatch', 'Don Cheadle', 'Tom Holland', 'Chadwick Boseman', 'Paul Bettany', 'Elizabeth Olsen', 'Anthony Mackie', 'Sebastian Stan', 'Danai Gurira', 'Letitia Wright', 'Dave Bautista', 'Zoe Saldana', 'Josh Brolin', 'Chris Pratt']",<WikipediaPage 'Avengers: Infinity War'>,4,Pirates of the Caribbean: Dead Men Tell No Tales
25,"['Mila Kunis', 'Channing Tatum', 'Sean Bean', 'Eddie Redmayne', 'Douglas Booth']",<WikipediaPage 'Jupiter Ascending'>,4,Quantum of Solace
26,error,<WikipediaPage 'G-force'>,4,The Avengers
27,"['Arnold Schwarzenegger', 'Rachel Ticotin', 'Sharon Stone', 'Michael Ironside', 'Ronny Cox']",<WikipediaPage 'Total Recall (1990 film)'>,4,Pirates of the Caribbean: Dead Man’s Chest
28,keyerror,<WikipediaPage 'The Hunchback of Notre-Dame'>,4,Man of Steel
29,"['Gary Sinise', 'Don Cheadle', 'Connie Nielsen', ""Jerry O'Connell"", 'Kim Delaney', 'Tim Robbins']",<WikipediaPage 'Mission to Mars'>,4,The Chronicles of Narnia: Prince Caspian
30,"['Johnny Depp', 'Orlando Bloom', 'Keira Knightley', 'Stellan Skarsgård', 'Bill Nighy', 'Chow Yun-fat', 'Geoffrey Rush', 'Jack Davenport', 'Kevin R. McNally', 'Jonathan Pryce']",<WikipediaPage 'Pirates of the Caribbean: At World's End'>,5,The Lone Ranger
31,"['Henry Cavill', 'Ving Rhames', 'Simon Pegg', 'Rebecca Ferguson', 'Sean Harris', 'Angela Bassett', 'Michelle Monaghan', 'Alec Baldwin']",<WikipediaPage 'Mission: Impossible – Fallout'>,5,The Amazing Spider-Man
32,error,error,5,Battleship
33,keyerror,<WikipediaPage 'Assassin's Creed'>,5,Transformers: The Last Knight
34,"['David Spade', 'John Goodman', 'Eartha Kitt', 'Patrick Warburton', 'Wendie Malick']",<WikipediaPage 'The Emperor's New Groove'>,5,Jurassic World
35,keyerror,<WikipediaPage 'Tomb Raider'>,5,Men in Black 3
36,keyerror,<WikipediaPage 'Justice League'>,6,Transformers: Revenge of the Fallen
37,"['James McAvoy', 'Michael Fassbender', 'Jennifer Lawrence', 'Oscar Isaac', 'Nicholas Hoult', 'Rose Byrne', 'Tye Sheridan', 'Sophie Turner', 'Olivia Munn', 'Lucas Till']",<WikipediaPage 'X-Men: Apocalypse'>,6,Transformers: Age of Extinction
38,"['Sam Worthington', 'Rosamund Pike', 'Bill Nighy', 'Édgar Ramírez', 'Toby Kebbell', 'Danny Huston', 'Ralph Fiennes', 'Liam Neeson']",<WikipediaPage 'Wrath of the Titans'>,6,X-Men: The Last Stand
39,error,<WikipediaPage 'Monster truck'>,6,Robin Hood
40,"['Jason Statham', 'Jet Li', 'Dolph Lundgren', 'Chuck Norris', 'Jean-Claude Van Damme', 'Bruce Willis', 'Arnold Schwarzenegger', 'Terry Crews', 'Randy Couture', 'Liam Hemsworth', 'Scott Adkins', 'Amanda Ooms', 'Charisma Carpenter']",<WikipediaPage 'The Expendables 2'>,6,King Kong
41,"['Robin Williams', 'Sam Neill', 'Embeth Davidtz', 'Wendy Crewson', 'Oliver Platt']",<WikipediaPage 'Bicentennial Man (film)'>,6,The Golden Compass
42,keyerror,<WikipediaPage 'SPECTRE'>,7,Tenet
43,"['Jason Statham', 'Li Bingbing', 'Rainn Wilson', 'Ruby Rose', 'Winston Chao', 'Cliff Curtis']",<WikipediaPage 'The Meg'>,7,Black Panther
44,keyerror,<WikipediaPage 'Beowulf'>,7,Titanic
45,"['Antonio Banderas', 'Diane Venora', 'Omar Sharif']",<WikipediaPage 'The 13th Warrior'>,7,Star Wars Ep. VIII: The Last Jedi
46,keyerror,<WikipediaPage 'Where the Wild Things Are'>,7,Incredibles 2
47,error,<WikipediaPage 'King Arthur'>,7,Rogue One: A Star Wars Story
48,"['Carrie Fisher', 'Mark Hamill', 'Adam Driver', 'Daisy Ridley', 'John Boyega', 'Oscar Isaac', 'Anthony Daniels', 'Naomi Ackie', 'Domhnall Gleeson', 'Richard E. Grant', ""Lupita Nyong'o"", 'Keri Russell', 'Joonas Suotamo', 'Kelly Marie Tran', 'Ian McDiarmid', 'Billy Dee Williams']",<WikipediaPage 'Star Wars: The Rise of Skywalker'>,8,Finding Dory
49,"['Tom Cruise', 'Emily Blunt', 'Bill Paxton', 'Brendan Gleeson']",<WikipediaPage 'Edge of Tomorrow'>,8,Toy Story 4
50,"['Joan Bennett', 'Louis Edmonds', 'Nancy Barrett', 'Mitchell Ryan', 'Alexandra Moltke', 'Grayson Hall', 'Kate Jackson', 'Jonathan Frid', 'Kathryn Leigh Scott', 'David Selby', 'Lara Parker', 'Thayer David', 'John Karlen']",<WikipediaPage 'Dark Shadows'>,8,Toy Story 3
51,keyerror,<WikipediaPage 'How the Grinch Stole Christmas!'>,8,Iron Man 3
52,keyerror,<WikipediaPage 'Eragon'>,8,Guardians of the Galaxy Vol 2
53,error,<WikipediaPage 'Volcano'>,8,Spider-Man 2
54,"['Alden Ehrenreich', 'Woody Harrelson', 'Emilia Clarke', 'Donald Glover', 'Thandiwe Newton', 'Phoebe Waller-Bridge', 'Joonas Suotamo', 'Paul Bettany']",<WikipediaPage 'Solo: A Star Wars Story'>,9,Alice in Wonderland
55,"['Brie Larson', 'Samuel L. Jackson', 'Ben Mendelsohn', 'Djimon Hounsou', 'Lee Pace', 'Lashana Lynch', 'Gemma Chan', 'Annette Bening', 'Clark Gregg', 'Jude Law']",<WikipediaPage 'Captain Marvel (film)'>,9,Skyfall
56,"['Channing Tatum', 'Jamie Foxx', 'Maggie Gyllenhaal', 'Jason Clarke', 'Richard Jenkins', 'James Woods']",<WikipediaPage 'White House Down'>,9,The Hobbit: An Unexpected Journey
57,"['Dougray Scott', 'Thandiwe Newton', 'Richard Roxburgh', 'John Polson', 'Brendan Gleeson', 'Rade Šerbedžija', 'Ving Rhames']",<WikipediaPage 'Mission: Impossible 2'>,9,Monsters University
58,keyerror,<WikipediaPage 'Hercules'>,9,Oz the Great and Powerful
59,"['Harrison Ford', 'Brad Pitt', 'Margaret Colin', 'Rubén Blades', 'Treat Williams', 'George Hearn']",<WikipediaPage 'The Devil's Own'>,9,X-Men: Days of Future Past
60,"['Taylor Kitsch', 'Lynn Collins', 'Samantha Morton', 'Mark Strong', 'Ciarán Hinds', 'Dominic West', 'James Purefoy', 'Willem Dafoe']",<WikipediaPage 'John Carter (film)'>,10,The Amazing Spider-Man 2
61,keyerror,<WikipediaPage 'The Jungle Book'>,10,Cars 2
62,"['Anthony Hopkins', 'Emily Blunt', 'Hugo Weaving']",<WikipediaPage 'The Wolfman (2010 film)'>,10,Fast & Furious Presents: Hobbs & Shaw
63,"['George Clooney', 'Mark Wahlberg', 'Diane Lane', 'John Hawkes', 'William Fichtner', 'Karen Allen', 'Bob Gunton', 'Mary Elizabeth Mastrantonio', 'John C. Reilly']",<WikipediaPage 'The Perfect Storm (film)'>,10,Tron: Legacy
64,error,error,10,2012
65,"['Harrison Ford', 'Liam Neeson', 'Peter Sarsgaard']",<WikipediaPage 'K-19: The Widowmaker'>,10,Fantastic Beasts: The Crimes of Grindelwald
66,"['Ben Affleck', 'Henry Cavill', 'Amy Adams', 'Jesse Eisenberg', 'Diane Lane', 'Laurence Fishburne', 'Jeremy Irons', 'Holly Hunter', 'Gal Gadot']",<WikipediaPage 'Batman v Superman: Dawn of Justice'>,11,Black Widow
67,"['Amy Poehler', 'Phyllis Smith', 'Richard Kind', 'Lewis Black', 'Bill Hader', 'Mindy Kaling', 'Diane Lane', 'Kyle MacLachlan']",<WikipediaPage 'Inside Out (2015 film)'>,11,Terminator Salvation
68,keyerror,<WikipediaPage 'Great Wall of China'>,11,Green Lantern
69,keyerror,<WikipediaPage 'Jason Bourne'>,11,Prince of Persia: Sands of Time
70,"['Arnold Schwarzenegger', 'Gabriel Byrne', 'Kevin Pollak', 'Robin Tunney', 'Rod Steiger']",<WikipediaPage 'End of Days (film)'>,11,Dark Phoenix
71,keyerror,<WikipediaPage 'Conan the Barbarian'>,11,Onward
72,"['Matthew Broderick', 'Jonathan Taylor Thomas', 'James Earl Jones', 'Jeremy Irons', 'Moira Kelly', 'Ernie Sabella', 'Nathan Lane', 'Robert Guillaume', 'Rowan Atkinson', 'Whoopi Goldberg', 'Cheech Marin', 'Jim Cummings', 'Madge Sinclair']",<WikipediaPage 'The Lion King'>,12,Wonder Woman 1984
73,"['Tom Holland', 'Michael Keaton', 'Jon Favreau', 'Gwyneth Paltrow', 'Zendaya', 'Donald Glover', 'Jacob Batalon', 'Laura Harrier', 'Tony Revolori', 'Bokeem Woodbine', 'Tyne Daly', 'Marisa Tomei', 'Robert Downey Jr.']",<WikipediaPage 'Spider-Man: Homecoming'>,12,Mulan
74,error,error,12,Eternals
75,"['Ioan Gruffudd', 'Jessica Alba', 'Chris Evans', 'Michael Chiklis', 'Julian McMahon', 'Kerry Washington', 'Andre Braugher', 'Beau Garrett', 'Doug Jones', 'Laurence Fishburne']",<WikipediaPage 'Fantastic Four: Rise of the Silver Surfer'>,12,Transformers: Dark of the Moon
76,"['Will Smith', 'Tom Holland', 'Rashida Jones', 'Ben Mendelsohn', 'Reba McEntire', 'Rachel Brosnahan', 'Karen Gillan', 'DJ Khaled', 'Masi Oka']",<WikipediaPage 'Spies in Disguise'>,12,The Mummy
77,keyerror,<WikipediaPage 'The Three Musketeers'>,12,Jack the Giant Slayer
78,"['Mandy Moore', 'Zachary Levi', 'Donna Murphy']",<WikipediaPage 'Tangled'>,13,Furious 7
79,"['Margot Robbie', 'Idris Elba', 'John Cena', 'Joel Kinnaman', 'Sylvester Stallone', 'Viola Davis', 'Jai Courtney', 'Peter Capaldi']",<WikipediaPage 'The Suicide Squad (film)'>,13,Star Trek Into Darkness
80,"['Don Cheadle', 'Sonequa Martin-Green', 'Jeff Bergman', 'Eric Bauza', 'Zendaya']",<WikipediaPage 'Space Jam: A New Legacy'>,13,World War Z
81,keyerror,<WikipediaPage 'Life of Pi'>,13,The Great Gatsby
82,keyerror,<WikipediaPage 'The Stepford Wives'>,13,Disney’s A Christmas Carol
83,error,<WikipediaPage 'Promise'>,13,Pacific Rim
84,"['Tobey Maguire', 'Kirsten Dunst', 'James Franco', 'Thomas Haden Church', 'Topher Grace', 'Bryce Dallas Howard', 'James Cromwell', 'Rosemary Harris', 'J. K. Simmons']",<WikipediaPage 'Spider-Man 3'>,14,The Good Dinosaur
85,error,error,14,Iron Man
86,"['Seth Green', 'Dan Fogler', 'Tom Everett Scott', 'Elisabeth Harnois', 'Mindy Sterling', 'Joan Cusack', 'Dee Bradley Baker']",<WikipediaPage 'Mars Needs Moms'>,14,The Dark Knight
87,keyerror,<WikipediaPage 'Ghost Rider'>,14,Indiana Jones and the Kingdom of the Crystal Skull
88,"['Shia LaBeouf', 'Jeff Bridges', 'Zooey Deschanel', 'Jon Heder', 'James Woods', 'Diedrich Bader']",<WikipediaPage 'Surf's Up (film)'>,14,Brave
89,"['Elle Fanning', 'Nathan Lane', 'Frances de la Tour', 'John Turturro', 'Richard E. Grant', 'Julia Vysotskaya']",<WikipediaPage 'The Nutcracker in 3D'>,14,Kong: Skull Island
90,"['Chris Evans', 'Robert Downey Jr.', 'Scarlett Johansson', 'Sebastian Stan', 'Anthony Mackie', 'Don Cheadle', 'Jeremy Renner', 'Chadwick Boseman', 'Paul Bettany', 'Elizabeth Olsen', 'Paul Rudd', 'Emily VanCamp', 'Tom Holland', 'Frank Grillo', 'William Hurt', 'Daniel Brühl']",<WikipediaPage 'Captain America: Civil War'>,15,Star Trek Beyond
91,error,error,15,Maleficent: Mistress of Evil
92,error,<WikipediaPage 'Interpol notice'>,15,Blade Runner 2049
93,error,error,15,Terminator: Dark Fate
94,"['Leonardo DiCaprio', 'Jennifer Connelly', 'Djimon Hounsou', 'Michael Sheen', 'Arnold Vosloo']",<WikipediaPage 'Blood Diamond'>,15,Aladdin
95,error,error,15,Thor: Ragnarok
96,"['Daniel Radcliffe', 'Rupert Grint', 'Emma Watson', 'Jim Broadbent', 'Helena Bonham Carter', 'Robbie Coltrane', 'Warwick Davis', 'Michael Gambon', 'Alan Rickman', 'Maggie Smith', 'Timothy Spall', 'David Thewlis', 'Julie Walters']",<WikipediaPage 'Harry Potter and the Half-Blood Prince (film)'>,16,"The Chronicles of Narnia: The Lion, the Witch a…"
97,"['John C. Reilly', 'Sarah Silverman', 'Gal Gadot', 'Taraji P. Henson', 'Jack McBrayer', 'Jane Lynch', 'Alan Tudyk', 'Alfred Molina', ""Ed O'Neill""]",<WikipediaPage 'Ralph Breaks the Internet'>,16,Maleficent
98,"['Halle Berry', 'Patrick Wilson', 'John Bradley', 'Charlie Plummer', 'Michael Peña', 'Donald Sutherland']",<WikipediaPage 'Moonfall (film)'>,16,Fantastic Beasts and Where to Find Them
99,"['Cameron Diaz', 'Lucy Liu', 'Bernie Mac', 'Crispin Glover', 'Justin Theroux', 'Robert Patrick', 'Demi Moore']",<WikipediaPage 'Charlie's Angels: Full Throttle'>,16,WALL-E
100,error,error,16,Rush Hour 3
101,"['Dave Bautista', 'Ella Purnell', 'Omari Hardwick', 'Ana de la Reguera', 'Theo Rossi', 'Matthias Schweighöfer', 'Nora Arnezeder', 'Hiroyuki Sanada', 'Tig Notaro', 'Raúl Castillo', 'Huma Qureshi', 'Garret Dillahunt']",<WikipediaPage 'Army of the Dead'>,16,The Legend of Tarzan
102,"['Ian McKellen', 'Martin Freeman', 'Richard Armitage', 'Benedict Cumberbatch', 'Evangeline Lilly', 'Lee Pace', 'Luke Evans', 'Ken Stott', 'James Nesbitt', 'Orlando Bloom']",<WikipediaPage 'The Hobbit: The Desolation of Smaug'>,17,Hugo
103,"['Reese Witherspoon', 'Seth Rogen', 'Hugh Laurie', 'Will Arnett', 'Kiefer Sutherland', 'Rainn Wilson', 'Paul Rudd', 'Stephen Colbert', 'Amy Poehler']",<WikipediaPage 'Monsters vs. Aliens'>,17,Valerian and the City of a Thousand Planets
104,"['Hugh Jackman', 'Kate Winslet', 'Jean Reno', 'Bill Nighy', 'Andy Serkis', 'Shane Richie', 'Ian McKellen']",<WikipediaPage 'Flushed Away'>,17,Jupiter Ascending
105,error,<WikipediaPage 'Elysium'>,17,Mission: Impossible—Fallout
106,"['Helen Mirren', 'Geoffrey Rush', 'Jim Sturgess', 'Hugo Weaving', 'Emily Barclay', 'Abbie Cornish', 'Ryan Kwanten', 'Anthony LaPaglia', 'Miriam Margolyes', 'Sam Neill', 'Richard Roxburgh', 'David Wenham']",<WikipediaPage 'Legend of the Guardians: The Owls of Ga'Hoole'>,17,X-Men: Apocalypse
107,error,error,17,The Meg
108,"['Ian McKellen', 'Martin Freeman', 'Richard Armitage', 'Evangeline Lilly', 'Lee Pace', 'Luke Evans', 'Benedict Cumberbatch', 'Ken Stott', 'James Nesbitt', 'Cate Blanchett', 'Ian Holm', 'Christopher Lee', 'Hugo Weaving', 'Orlando Bloom']",<WikipediaPage 'The Hobbit: The Battle of the Five Armies'>,18,Edge of Tomorrow
109,"['Owen Wilson', 'Cristela Alonzo', 'Chris Cooper', 'Armie Hammer', 'Larry the Cable Guy', 'Bonnie Hunt', 'Nathan Fillion', 'Lea DeLaria', 'Kerry Washington']",<WikipediaPage 'Cars 3'>,18,Captain Marvel
110,"['Ben Stiller', 'Chris Rock', 'David Schwimmer', 'Jada Pinkett Smith', 'Sacha Baron Cohen', 'Cedric the Entertainer', 'Andy Richter', 'Tom McGrath', 'Jessica Chastain', 'Bryan Cranston', 'Martin Short', 'Frances McDormand']",<WikipediaPage 'Madagascar 3: Europe's Most Wanted'>,18,The Jungle Book
111,error,error,18,Inside Out
112,keyerror,<WikipediaPage 'Starship Troopers'>,18,Spider-Man: Homecoming
113,"['Russell Crowe', 'Renée Zellweger', 'Paul Giamatti', 'Craig Bierko', 'Bruce McGill', 'Paddy Considine']",<WikipediaPage 'Cinderella Man'>,18,Suicide Squad
114,"['Dwayne Johnson', 'Jason Statham', 'Michelle Rodriguez', 'Tyrese Gibson', 'Chris ""Ludacris"" Bridges', 'Scott Eastwood', 'Nathalie Emmanuel', 'Elsa Pataky', 'Kurt Russell', 'Charlize Theron']",<WikipediaPage 'The Fate of the Furious'>,19,Up
115,"['Channing Tatum', 'Marlon Wayans', 'Adewale Akinnuoye-Agbaje', 'Dennis Quaid', 'Rachel Nichols', 'Saïd Taghmaoui', 'Ray Park', 'Joseph Gordon-Levitt', 'Christopher Eccleston', 'Sienna Miller', 'Byung-hun Lee', 'Jonathan Pryce']",<WikipediaPage 'G.I. Joe: The Rise of Cobra'>,19,Coco
116,"['Jeremy Renner', 'Simon Pegg', 'Paula Patton']",<WikipediaPage 'Mission: Impossible – Ghost Protocol'>,19,Ralph Breaks The Internet
117,keyerror,<WikipediaPage 'Power Rangers'>,19,Monsters vs. Aliens
118,"['Will Ferrell', 'Danny McBride', 'Anna Friel', 'Jorma Taccone']",<WikipediaPage 'Land of the Lost (film)'>,19,Cars 3
119,"['Boyd Holbrook', 'Trevante Rhodes', 'Jacob Tremblay', 'Keegan-Michael Key', 'Olivia Munn', 'Thomas Jane', 'Alfie Allen', 'Sterling K. Brown']",<WikipediaPage 'The Predator (film)'>,19,G.I. Joe: The Rise of Cobra
120,"['Daniel Craig', 'Rami Malek', 'Léa Seydoux', 'Lashana Lynch', 'Ben Whishaw', 'Naomie Harris', 'Jeffrey Wright', 'Christoph Waltz', 'Ralph Fiennes']",<WikipediaPage 'No Time to Die'>,20,Wild Wild West
121,"['Will Smith', 'Kevin Kline', 'Kenneth Branagh', 'Salma Hayek']",<WikipediaPage 'Wild Wild West'>,20,The Mummy: Tomb of the Dragon Emperor
122,"['Jay Baruchel', 'Cate Blanchett', 'Gerard Butler', 'Craig Ferguson', 'America Ferrera', 'Jonah Hill', 'Christopher Mintz-Plasse', 'T.J. Miller', 'Kristen Wiig', 'Djimon Hounsou', 'Kit Harington']",<WikipediaPage 'How to Train Your Dragon 2'>,20,Evan Almighty
123,"['Michael J. Fox', 'Melanie Griffith', 'Nathan Lane', 'Geena Davis', 'Hugh Laurie', 'Jonathan Lipnicki', 'James Woods', 'Steve Zahn']",<WikipediaPage 'Stuart Little 2'>,20,Waterworld
124,keyerror,<WikipediaPage 'Peter Pan'>,20,Dolittle
125,keyerror,<WikipediaPage 'Fantastic Four'>,20,King Arthur: Legend of the Sword
126,error,<WikipediaPage 'Avatar'>,21,47 Ronin
127,"['Brendan Fraser', 'Jet Li', 'Maria Bello', 'John Hannah', 'Russell Wong', 'Liam Cunningham', 'Luke Ford', 'Isabella Leong', 'Michelle Yeoh']",<WikipediaPage 'The Mummy: Tomb of the Dragon Emperor'>,21,Jurassic World: Fallen Kingdom
128,keyerror,<WikipediaPage 'Tarzan'>,21,Guardians of the Galaxy
129,"['Peter Weller', 'Nancy Allen', ""Daniel O'Herlihy"", 'Ronny Cox', 'Kurtwood Smith', 'Miguel Ferrer']",<WikipediaPage 'RoboCop'>,21,Iron Man 2
130,"['Jennifer Garner', 'Matthew Broderick', 'John Oliver', 'Mila Kunis', 'Kenan Thompson', 'Ken Jeong', 'Norbert Leo Butz', 'Ken Hudson Campbell']",<WikipediaPage 'Wonder Park'>,21,Captain America: The Winter Soldier
131,keyerror,<WikipediaPage 'Hannibal'>,21,Dawn of the Planet of the Apes
132,"['Brandon Routh', 'Kate Bosworth', 'James Marsden', 'Frank Langella', 'Eva Marie Saint', 'Parker Posey', 'Kal Penn', 'Sam Huntington', 'Kevin Spacey']",<WikipediaPage 'Superman Returns'>,22,The Polar Express
133,"['Steve Carell', 'Morgan Freeman', 'Lauren Graham', 'John Goodman', 'John Michael Higgins', 'Jimmy Bennett', 'Wanda Sykes']",<WikipediaPage 'Evan Almighty'>,22,Snow White and the Huntsman
134,"['Ty Burrell', 'Max Charles', 'Ariel Winter', 'Stephen Colbert', 'Leslie Mann', 'Allison Janney']",<WikipediaPage 'Mr. Peabody & Sherman'>,22,Terminator 3: Rise of the Machines
135,"['Vin Diesel', 'Colm Feore', 'Keith David', 'Karl Urban', 'Thandiwe Newton', 'Alexa Davalos', 'Judi Dench', 'Linus Roache', 'Nick Chinlund', 'Yorick van Wageningen']",<WikipediaPage 'The Chronicles of Riddick'>,22,Van Helsing
136,keyerror,<WikipediaPage 'Catwoman'>,22,Dumbo
137,keyerror,<WikipediaPage 'Seabiscuit'>,22,Godzilla: King of the Monsters
138,"['Christian Bale', 'Michael Caine', 'Gary Oldman', 'Anne Hathaway', 'Tom Hardy', 'Marion Cotillard', 'Joseph Gordon-Levitt', 'Morgan Freeman']",<WikipediaPage 'The Dark Knight Rises'>,23,Tomorrowland
139,"['Dennis Hopper', 'Jeanne Tripplehorn', 'Tina Majorino', 'Michael Jeter']",<WikipediaPage 'Waterworld'>,23,Alita: Battle Angel
140,"['Chris Pine', 'Alec Baldwin', 'Hugh Jackman', 'Isla Fisher', 'Jude Law']",<WikipediaPage 'Rise of the Guardians'>,23,Alice Through the Looking Glass
141,keyerror,<WikipediaPage 'Fantastic Four'>,23,Shrek Forever After
142,"['Jason Statham', 'Antonio Banderas', 'Jet Li', 'Wesley Snipes', 'Dolph Lundgren', 'Kelsey Grammer', 'Randy Couture', 'Terry Crews', 'Kellan Lutz', 'Ronda Rousey', 'Glen Powell', 'Victor Ortiz', 'Robert Davi', 'Mel Gibson', 'Harrison Ford', 'Arnold Schwarzenegger']",<WikipediaPage 'The Expendables 3'>,23,Doctor Strange
143,"['Helen Hunt', 'Nick Searcy']",<WikipediaPage 'Cast Away'>,23,Big Hero 6
144,"['Johnny Depp', 'Javier Bardem', 'Geoffrey Rush', 'Brenton Thwaites', 'Kaya Scodelario', 'Kevin McNally']",<WikipediaPage 'Pirates of the Caribbean: Dead Men Tell No Tales'>,24,How to Train Your Dragon
145,"['Robert Downey Jr.', 'Antonio Banderas', 'Michael Sheen', 'Harry Collett', 'Emma Thompson', 'Rami Malek', 'John Cena', 'Kumail Nanjiani', 'Octavia Spencer', 'Tom Holland', 'Ralph Fiennes', 'Selena Gomez', 'Marion Cotillard']",<WikipediaPage 'Dolittle (film)'>,24,Wreck-It Ralph
146,keyerror,<WikipediaPage 'Sahara'>,24,Interstellar
147,keyerror,<WikipediaPage 'Speed Racer'>,24,Independence Day: Resurgence
148,"['Joseph Gordon-Levitt', 'Brian Murray', 'Emma Thompson', 'David Hyde Pierce', 'Martin Short', 'Michael Wincott', 'Laurie Metcalf', 'Roscoe Lee Browne']",<WikipediaPage 'Treasure Planet'>,24,Dune
149,"['Elijah Wood', 'Robin Williams', 'Brittany Murphy', 'Hugh Jackman', 'Nicole Kidman', 'Hugo Weaving', 'Anthony LaPaglia', 'Magda Szubanski', 'Steve Irwin']",<WikipediaPage 'Happy Feet'>,24,Cowboys and Aliens
150,"['Daniel Craig', 'Olga Kurylenko', 'Mathieu Amalric', 'Giancarlo Giannini', 'Jeffrey Wright', 'Judi Dench']",<WikipediaPage 'Quantum of Solace'>,25,Beauty and the Beast
151,"['Charlie Hunnam', 'Àstrid Bergès-Frisbey', 'Djimon Hounsou', 'Aidan Gillen', 'Jude Law', 'Eric Bana']",<WikipediaPage 'King Arthur: Legend of the Sword'>,25,Spider-Man: Far From Home
152,"['Bill Murray', 'Dan Aykroyd', 'Sigourney Weaver', 'Harold Ramis', 'Rick Moranis']",<WikipediaPage 'Ghostbusters'>,25,Aquaman
153,error,error,25,Shrek the Third
154,error,<WikipediaPage 'Green Zone'>,25,Inception
155,"['George Clooney', 'Matt Damon', 'Andy García', 'Brad Pitt', 'Julia Roberts']",<WikipediaPage 'Ocean's Eleven'>,25,The Hunger Games: Mockingjay - Part 2
156,"['Robert Downey Jr.', 'Chris Evans', 'Mark Ruffalo', 'Chris Hemsworth', 'Scarlett Johansson', 'Jeremy Renner', 'Don Cheadle', 'Paul Rudd', 'Brie Larson', 'Karen Gillan', 'Danai Gurira', 'Benedict Wong', 'Jon Favreau', 'Bradley Cooper', 'Gwyneth Paltrow', 'Josh Brolin']",<WikipediaPage 'Avengers: Endgame'>,26,Fast and Furious 6
157,keyerror,<WikipediaPage 'Forty-seven rōnin'>,26,Godzilla
158,"['Pierce Brosnan', 'Halle Berry', 'Toby Stephens', 'Rosamund Pike', 'Rick Yune', 'John Cleese', 'Judi Dench', 'Michael Madsen']",<WikipediaPage 'Die Another Day'>,26,X-Men: First Class
159,"['Reese Witherspoon', 'Owen Wilson', 'Paul Rudd', 'Jack Nicholson', 'Kathryn Hahn']",<WikipediaPage 'How Do You Know'>,26,The Curious Case of Benjamin Button
160,"['Gerard Butler', 'Jim Sturgess', 'Abbie Cornish', 'Alexandra Maria Lara', 'Daniel Wu', 'Eugenio Derbez', 'Ed Harris', 'Andy García']",<WikipediaPage 'Geostorm'>,26,The Sorcerer s Apprentice
161,"['Matt Damon', 'Franka Potente', 'Brian Cox', 'Julia Stiles', 'Karl Urban', 'Gabriel Mann', 'Joan Allen']",<WikipediaPage 'The Bourne Supremacy (film)'>,26,Poseidon
162,"['Johnny Depp', 'Orlando Bloom', 'Keira Knightley', 'Stellan Skarsgård', 'Bill Nighy', 'Jack Davenport', 'Kevin R. McNally', 'Jonathan Pryce']",<WikipediaPage 'Pirates of the Caribbean: Dead Man's Chest'>,27,Warcraft
163,"['Chris Pratt', 'Bryce Dallas Howard', 'Rafe Spall', 'Toby Jones', 'Ted Levine', 'BD Wong', 'Jeff Goldblum']",<WikipediaPage 'Jurassic World: Fallen Kingdom'>,27,The Irishman
164,keyerror,<WikipediaPage 'Screen Actors Guild Award for Outstanding Performance by a Male Actor in a Leading Role'>,27,Deepwater Horizon
165,"['Tom Cruise', 'Cameron Diaz', 'Peter Sarsgaard', 'Viola Davis', 'Jordi Mollà', 'Paul Dano']",<WikipediaPage 'Knight and Day'>,27,The Chronicles of Narnia: The Voyage of the Daw…
166,"['Patrick Swayze', 'Keanu Reeves', 'Gary Busey', 'Lori Petty']",<WikipediaPage 'Point Break'>,27,Godzilla vs. Kong
167,error,<WikipediaPage 'Air Force One'>,27,Terminator: Genisys
168,"['Henry Cavill', 'Amy Adams', 'Michael Shannon', 'Kevin Costner', 'Diane Lane', 'Laurence Fishburne', 'Antje Traue', 'Ayelet Zurer', 'Christopher Meloni', 'Russell Crowe']",<WikipediaPage 'Man of Steel (film)'>,28,Pacific Rim: Uprising
169,"['Chris Pratt', 'Zoe Saldana', 'Dave Bautista', 'Vin Diesel', 'Bradley Cooper', 'Michael Rooker', 'Karen Gillan', 'Pom Klementieff', 'Elizabeth Debicki', 'Chris Sullivan', 'Sean Gunn', 'Sylvester Stallone', 'Kurt Russell']",<WikipediaPage 'Guardians of the Galaxy Vol. 2'>,28,Alexander
170,keyerror,<WikipediaPage 'Star Trek'>,28,War for the Planet of the Apes
171,error,<WikipediaPage 'Venom'>,28,Pearl Harbor
172,keyerror,<WikipediaPage 'Cat'>,28,Transformers
173,keyerror,<WikipediaPage 'Fast & Furious'>,28,Frozen II
174,"['Georgie Henley', 'Skandar Keynes', 'William Moseley', 'Anna Popplewell']",<WikipediaPage 'The Chronicles of Narnia: Prince Caspian'>,29,Wonder Woman
175,"['Robert Downey Jr.', 'Gwyneth Paltrow', 'Don Cheadle', 'Scarlett Johansson', 'Sam Rockwell', 'Mickey Rourke', 'Samuel L. Jackson']",<WikipediaPage 'Iron Man 2'>,29,Frozen
176,error,<WikipediaPage 'Armageddon'>,29,Zootopia
177,keyerror,<WikipediaPage 'Star Wars: Episode I – The Phantom Menace (video game)'>,29,Harry Potter and the Order of the Phoenix
178,"['Chris Hemsworth', 'Benjamin Walker', 'Cillian Murphy', 'Tom Holland', 'Ben Whishaw', 'Brendan Gleeson']",<WikipediaPage 'In the Heart of the Sea (film)'>,29,Harry Potter and the Goblet of Fire
179,keyerror,<WikipediaPage 'Horton Hears a Who!'>,29,The Matrix Reloaded
180,keyerror,<WikipediaPage 'Lone Ranger'>,30,I am Legend
181,"['Chris Evans', 'Scarlett Johansson', 'Sebastian Stan', 'Anthony Mackie', 'Cobie Smulders', 'Frank Grillo', 'Emily VanCamp', 'Hayley Atwell', 'Robert Redford', 'Samuel L. Jackson']",<WikipediaPage 'Captain America: The Winter Soldier'>,30,Moana
182,"['Tommy Lee Jones', 'Will Smith', 'Lara Flynn Boyle', 'Johnny Knoxville', 'Rosario Dawson', 'Tony Shalhoub', 'Rip Torn']",<WikipediaPage 'Men in Black II'>,30,Hancock
183,"['Ewan McGregor', 'Natalie Portman', 'Hayden Christensen', 'Ian McDiarmid', 'Samuel L. Jackson', 'Christopher Lee', 'Anthony Daniels', 'Kenny Baker', 'Frank Oz']",<WikipediaPage 'Star Wars: Episode III – Revenge of the Sith'>,30,Charlie and the Chocolate Factory
184,error,error,30,Ratatouille
185,"['Shailene Woodley', 'Theo James', 'Ashley Judd', 'Jai Courtney', 'Ray Stevenson', 'Zoë Kravitz', 'Miles Teller', 'Tony Goldwyn', 'Maggie Q', 'Kate Winslet']",<WikipediaPage 'Divergent (film)'>,30,Thor: The Dark World
186,keyerror,<WikipediaPage 'The Amazing Spider-Man'>,31,Batman Begins
187,"['Andy Serkis', 'Jason Clarke', 'Gary Oldman', 'Keri Russell', 'Toby Kebbell', 'Kodi Smit-McPhee']",<WikipediaPage 'Dawn of the Planet of the Apes'>,31,Mission: Impossible—Rogue Nation
188,"['Chris Evans', 'Tommy Lee Jones', 'Hugo Weaving', 'Hayley Atwell', 'Sebastian Stan', 'Dominic Cooper', 'Neal McDonough', 'Derek Luke', 'Stanley Tucci']",<WikipediaPage 'Captain America: The First Avenger'>,31,Dunkirk
189,error,<WikipediaPage 'List of Star Wars filming locations'>,31,Thor
190,"['Jamie Kennedy', 'Alan Cumming', 'Traylor Howard', 'Steven Wright', 'Kal Penn', 'Bob Hoskins']",<WikipediaPage 'Son of the Mask'>,31,Madagascar: Escape 2 Africa
191,keyerror,<WikipediaPage 'Hotel Transylvania'>,31,X-Men Origins: Wolverine
192,error,<WikipediaPage 'Battleship'>,32,Night at the Museum: Battle of the Smithsonian
193,"['Tom Hanks', 'Daryl Sabara', 'Nona Gaye', 'Jimmy Bennett', 'Eddie Deezen']",<WikipediaPage 'The Polar Express (film)'>,32,Kung Fu Panda 2
194,"['Jack Black', 'Bryan Cranston', 'Dustin Hoffman', 'Angelina Jolie', 'J.K. Simmons', 'Seth Rogen', 'Lucy Liu', 'David Cross', 'Kate Hudson', 'James Hong', 'Randall Duk Kim', 'Jackie Chan']",<WikipediaPage 'Kung Fu Panda 3'>,32,Mad Max: Fury Road
195,"['John Goodman', 'Billy Crystal', 'Steve Buscemi', 'James Coburn', 'Jennifer Tilly']","<WikipediaPage 'Monsters, Inc.'>",32,Pokémon: Detective Pikachu
196,"['Hera Hilmar', 'Robert Sheehan', 'Hugo Weaving', 'Jihae', 'Ronan Raftery', 'Leila George', 'Patrick Malahide', 'Stephen Lang']",<WikipediaPage 'Mortal Engines (film)'>,32,The Matrix Revolutions
197,keyerror,<WikipediaPage 'Captain Marvel (DC Comics)'>,32,Ready Player One
198,"['Mark Wahlberg', 'Josh Duhamel', 'Stanley Tucci', 'Anthony Hopkins']",<WikipediaPage 'Transformers: The Last Knight'>,33,Chicken Little
199,"['Kristen Stewart', 'Charlize Theron', 'Chris Hemsworth', 'Sam Claflin', 'Ian McShane', 'Bob Hoskins', 'Ray Winstone', 'Nick Frost', 'Toby Jones']",<WikipediaPage 'Snow White and the Huntsman'>,33,Mission: Impossible III
200,"['Mel Gibson', 'Danny Glover', 'Joe Pesci', 'Rene Russo', 'Chris Rock', 'Jet Li']",<WikipediaPage 'Lethal Weapon 4'>,33,Angels & Demons
201,keyerror,<WikipediaPage 'Wolverine'>,33,Troy
202,"['Daisy Ridley', 'Tom Holland', 'Mads Mikkelsen', 'Demián Bichir', 'Cynthia Erivo', 'Nick Jonas', 'David Oyelowo']",<WikipediaPage 'Chaos Walking (film)'>,33,The Last Airbender
203,error,error,33,Bee Movie
204,"['Chris Pratt', 'Bryce Dallas Howard', ""Vincent D'Onofrio"", 'Ty Simpkins', 'Nick Robinson', 'Omar Sy', 'BD Wong', 'Irrfan Khan']",<WikipediaPage 'Jurassic World'>,34,G-Force
205,"['Arnold Schwarzenegger', 'Nick Stahl', 'Claire Danes', 'Kristanna Loken']",<WikipediaPage 'Terminator 3: Rise of the Machines'>,34,Bolt
206,"['D. J. Cotrona', 'Byung-hun Lee', 'Adrianne Palicki', 'Ray Park', 'Jonathan Pryce', 'Ray Stevenson', 'Channing Tatum', 'Bruce Willis', 'Dwayne Johnson']",<WikipediaPage 'G.I. Joe: Retaliation'>,34,Wrath of the Titans
207,"['Pierce Brosnan', 'Linda Hamilton', 'Charles Hallahan']",<WikipediaPage 'Dante's Peak'>,34,Beowulf
208,"['Eddie Murphy', 'Randy Quaid', 'Rosario Dawson', 'Joe Pantoliano', 'Jay Mohr', 'Luis Guzmán', 'James Rebhorn', 'Peter Boyle', 'Pam Grier', 'John Cleese']",<WikipediaPage 'The Adventures of Pluto Nash'>,34,Dark Shadows
209,error,<WikipediaPage 'Safe house'>,34,White House Down
210,"['Will Smith', 'Tommy Lee Jones', 'Josh Brolin', 'Jemaine Clement', 'Michael Stuhlbarg', 'Emma Thompson']",<WikipediaPage 'Men in Black 3'>,35,The Wolfman
211,keyerror,<WikipediaPage 'Abraham Van Helsing'>,35,The Great Wall
212,"['Timothy Spall', 'Ken Watanabe', 'Billy Connolly', 'Tony Goldwyn', 'Hiroyuki Sanada', 'Koyuki']",<WikipediaPage 'The Last Samurai'>,35,Pan
213,"['Chris Hemsworth', 'Charlize Theron', 'Emily Blunt', 'Nick Frost', 'Sam Claflin', 'Rob Brydon', 'Sheridan Smith', 'Jessica Chastain']",<WikipediaPage 'The Huntsman: Winter's War'>,35,Space Jam: A New Legacy
214,"['Christian Bale', 'Ni Ni', 'Zhang Xinyi', 'Tong Dawei', 'Atsuro Watabe', 'Shigeo Kobayashi']",<WikipediaPage 'The Flowers of War'>,35,Mars Needs Moms
215,"['Kevin James', 'Jessica Biel', 'Ving Rhames', 'Steve Buscemi', 'Dan Aykroyd']",<WikipediaPage 'I Now Pronounce You Chuck & Larry'>,35,Red Notice
216,"['Shia LaBeouf', 'Megan Fox', 'Josh Duhamel', 'Tyrese Gibson', 'John Turturro']",<WikipediaPage 'Transformers: Revenge of the Fallen'>,36,Moonfall
217,"['Edward Brophy', 'Verna Felton', 'Cliff Edwards', 'Herman Bing', 'Sterling Holloway', 'Hall Johnson Choir']",<WikipediaPage 'Dumbo'>,36,Flushed Away
218,"['Jim Carrey', 'Téa Leoni', 'Alec Baldwin', 'Richard Jenkins']",<WikipediaPage 'Fun with Dick and Jane (2005 film)'>,36,Madagascar 3: Europe s Most Wanted
219,"['Nicolas Cage', 'Adam Beach', 'Peter Stormare', 'Noah Emmerich', 'Mark Ruffalo', 'Brian van Holt', ""Frances O'Connor"", 'Christian Slater']",<WikipediaPage 'Windtalkers'>,36,Mission: Impossible—Ghost Protocol
220,keyerror,<WikipediaPage 'Artemis Fowl'>,36,How to Train Your Dragon 2
221,"['George Clooney', 'Brad Pitt', 'Matt Damon', 'Andy García', 'Don Cheadle', 'Bernie Mac', 'Ellen Barkin', 'Al Pacino', 'Casey Affleck', 'Scott Caan', 'Eddie Jemison', 'Shaobo Qin', 'Carl Reiner', 'Elliott Gould']",<WikipediaPage 'Ocean's Thirteen'>,36,Tarzan
222,"['Mark Wahlberg', 'Stanley Tucci']",<WikipediaPage 'Transformers: Age of Extinction'>,37,Mr. Peabody & Sherman
223,"['Kyle Chandler', 'Vera Farmiga', 'Millie Bobby Brown', 'Bradley Whitford', 'Sally Hawkins', 'Charles Dance', 'Thomas Middleditch', 'Aisha Hinds', ""O'Shea Jackson Jr."", 'David Strathairn', 'Ken Watanabe', 'Zhang Ziyi']",<WikipediaPage 'Godzilla: King of the Monsters (2019 film)'>,37,Rise of the Guardians
224,"['Christian Bale', 'Joel Edgerton', 'John Turturro', 'Aaron Paul', 'Ben Mendelsohn', 'Sigourney Weaver', 'Ben Kingsley']",<WikipediaPage 'Exodus: Gods and Kings'>,37,Sahara
225,keyerror,<WikipediaPage 'Asterix at the Olympic Games'>,37,Ghostbusters
226,"['Noah Schnapp', 'Francesca Angelucci Capaldi', 'Troy ""Trombone Shorty"" Andrews', 'Kristin Chenoweth', 'Bill Melendez']",<WikipediaPage 'The Peanuts Movie'>,37,Die Another Day
227,error,error,37,Pirates of the Caribbean: The Curse of the Blac…
228,"['Hugh Jackman', 'Halle Berry', 'Ian McKellen', 'Famke Janssen', 'Anna Paquin', 'Kelsey Grammer', 'James Marsden', 'Rebecca Romijn', 'Shawn Ashmore', 'Aaron Stanford', 'Vinnie Jones', 'Patrick Stewart']",<WikipediaPage 'X-Men: The Last Stand'>,38,Star Trek
229,keyerror,<WikipediaPage 'Tomorrowland'>,38,Armageddon
230,keyerror,<WikipediaPage 'The BFG'>,38,Men in Black 2
231,keyerror,<WikipediaPage 'Gulliver's Travels'>,38,Captain America: The First Avenger
232,"['Chris Pratt', 'Elizabeth Banks', 'Will Arnett', 'Tiffany Haddish', 'Stephanie Beatriz', 'Charlie Day', 'Alison Brie', 'Nick Offerman', 'Maya Rudolph', 'Will Ferrell']",<WikipediaPage 'The Lego Movie 2: The Second Part'>,38,Kung Fu Panda 3
233,"['Will Smith', 'Gene Hackman', 'Jon Voight', 'Regina King', 'Loren Dean', 'Jake Busey', 'Scott Caan', 'Barry Pepper', 'Gabriel Byrne']",<WikipediaPage 'Enemy of the State (film)'>,38,Lethal Weapon 4
234,keyerror,<WikipediaPage 'Robin Hood'>,39,G.I. Joe: Retaliation
235,"['Rosa Salazar', 'Christoph Waltz', 'Jennifer Connelly', 'Mahershala Ali', 'Ed Skrein', 'Jackie Earle Haley', 'Keean Johnson']",<WikipediaPage 'Alita: Battle Angel'>,39,The Last Samurai
236,"['Will Smith', 'Mary Elizabeth Winstead', 'Clive Owen', 'Benedict Wong']",<WikipediaPage 'Gemini Man (film)'>,39,Fun With Dick And Jane
237,keyerror,<WikipediaPage 'Ferdinand'>,39,Exodus: Gods and Kings
238,keyerror,<WikipediaPage 'Robin Hood'>,39,The BFG
239,error,error,39,Gemini Man
240,keyerror,<WikipediaPage 'King Kong'>,40,Gods of Egypt
241,keyerror,<WikipediaPage 'Through the Looking-Glass'>,40,Top Gun: Maverick
242,keyerror,<WikipediaPage 'Ancient Egyptian deities'>,40,Spider-Man
243,"['Josh Brolin', 'Morena Baccarin', 'Julian Dennison', 'Zazie Beetz', 'T.J. Miller', 'Brianna Hildebrand', 'Jack Kesy']",<WikipediaPage 'Deadpool 2'>,40,Watchmen
244,"['Brendan Fraser', 'Rachel Weisz', 'John Hannah', 'Arnold Vosloo', 'Oded Fehr', 'Patricia Velásquez', 'Freddie Boath', 'Alun Armstrong', 'The Rock']",<WikipediaPage 'The Mummy Returns'>,40,Stealth
245,"['Ben Stiller', 'Casey Affleck', 'Alan Alda', 'Matthew Broderick', 'Judd Hirsch', 'Téa Leoni', 'Michael Peña', 'Gabourey Sidibe']",<WikipediaPage 'Tower Heist'>,40,The Incredible Hulk
246,"['Nicole Kidman', 'Sam Elliott', 'Eva Green', 'Ian McKellen', 'Ian McShane', 'Freddie Highmore', 'Kathy Bates', 'Kristin Scott Thomas', 'Daniel Craig', 'Dakota Blue Richards']",<WikipediaPage 'The Golden Compass (film)'>,41,Hulk
247,"['Mike Myers', 'Eddie Murphy', 'Cameron Diaz', 'Antonio Banderas', 'Julie Andrews', 'John Cleese', 'Walt Dohrn', 'Jane Lynch', 'Jon Hamm', 'Craig Robinson', 'Lake Bell', 'Mary Kay Place', 'Kathy Griffin', 'Kristen Schaal']",<WikipediaPage 'Shrek Forever After'>,41,Final Fantasy: The Spirits Within
248,"['Miles Teller', 'Jennifer Connelly', 'Jon Hamm', 'Glen Powell', 'Lewis Pullman', 'Ed Harris', 'Val Kilmer']",<WikipediaPage 'Top Gun: Maverick'>,41,"The Twilight Saga: Breaking Dawn, Part 2"
249,error,<WikipediaPage 'Gravity'>,41,The Croods
250,"['Matt Damon', 'Christian Bale']",<WikipediaPage 'Ford v Ferrari'>,41,The Revenant
251,"['Glenn Close', 'Ioan Gruffudd', 'Alice Evans', 'Tim McInnerny', 'Gérard Depardieu']",<WikipediaPage '102 Dalmatians'>,41,The World is Not Enough
252,error,error,42,Rango
253,keyerror,<WikipediaPage 'Doctor Strange'>,42,Master and Commander: The Far Side of the World
254,keyerror,<WikipediaPage 'Spider-Man'>,42,Turbo
255,"['Ben Stiller', 'Carla Gugino', 'Dick Van Dyke', 'Mickey Rooney', 'Bill Cobbs', 'Robin Williams']",<WikipediaPage 'Night at the Museum'>,42,Teenage Mutant Ninja Turtles: Out of the Shadows
256,"['Leonardo DiCaprio', 'Daniel Day-Lewis', 'Cameron Diaz']",<WikipediaPage 'Gangs of New York'>,42,Happy Feet Two
257,"['Julia Roberts', 'Lily Collins', 'Armie Hammer', 'Nathan Lane', 'Mare Winningham', 'Michael Lerner', 'Sean Bean']",<WikipediaPage 'Mirror Mirror (film)'>,42,Miami Vice
258,"['Chadwick Boseman', 'Michael B. Jordan', ""Lupita Nyong'o"", 'Danai Gurira', 'Martin Freeman', 'Daniel Kaluuya', 'Letitia Wright', 'Winston Duke', 'Angela Bassett', 'Forest Whitaker', 'Andy Serkis']",<WikipediaPage 'Black Panther (film)'>,43,The Nutcracker and the Four Realms
259,"['Scott Adsit', 'Ryan Potter', 'Daniel Henney', 'T.J. Miller', 'Jamie Chung', 'Damon Wayans Jr.', 'Genesis Rodriguez', 'James Cromwell', 'Maya Rudolph', 'Alan Tudyk']",<WikipediaPage 'Big Hero 6 (film)'>,43,War of the Worlds
260,keyerror,<WikipediaPage 'Watchmen'>,43,Penguins of Madagascar
261,"['Brad Pitt', 'Angelina Jolie', 'Vince Vaughn', 'Adam Brody', 'Kerry Washington']",<WikipediaPage 'Mr. & Mrs. Smith (2005 film)'>,43,The Hunger Games: Catching Fire
262,"['Michael Fassbender', 'Katherine Waterston', 'Billy Crudup', 'Danny McBride', 'Demián Bichir']",<WikipediaPage 'Alien: Covenant'>,43,Harry Potter and the Prisoner of Azkaban
263,"['Cameron Diaz', 'Kate Winslet', 'Jude Law', 'Jack Black', 'Eli Wallach', 'Edward Burns', 'Rufus Sewell']",<WikipediaPage 'The Holiday'>,43,The Bourne Ultimatum
264,keyerror,<WikipediaPage 'Titanic'>,44,Ant-Man and the Wasp
265,keyerror,<WikipediaPage 'How to Train Your Dragon'>,44,Kung Fu Panda
266,error,error,44,Ant-Man
267,keyerror,<WikipediaPage 'Grand Theft Auto: San Andreas'>,44,Home
268,keyerror,<WikipediaPage 'Cinderella'>,44,Mary Poppins Returns
269,"['Lucas Black', 'Bow Wow', 'Nathalie Kelley', 'Sung Kang', 'Brian Tee']",<WikipediaPage 'The Fast and the Furious: Tokyo Drift'>,44,Puss in Boots
270,keyerror,<WikipediaPage 'Yoda'>,45,Megamind
271,"['John C. Reilly', 'Sarah Silverman', 'Jack McBrayer', 'Jane Lynch', 'Alan Tudyk']",<WikipediaPage 'Wreck-It Ralph'>,45,Bad Boys II
272,"['Edward Norton', 'Liv Tyler', 'Tim Roth', 'Tim Blake Nelson', 'Ty Burrell', 'William Hurt']",<WikipediaPage 'The Incredible Hulk (film)'>,45,Rio 2
273,keyerror,<WikipediaPage 'The Smurfs'>,45,Salt
274,"['Ray Romano', 'John Leguizamo', 'Denis Leary', 'Nicki Minaj', 'Drake', 'Jennifer Lopez', 'Queen Latifah']",<WikipediaPage 'Ice Age: Continental Drift'>,45,Noah
275,"['Zhang Ziyi', 'Ken Watanabe', 'Michelle Yeoh', 'Kōji Yakusho', 'Youki Kudoh', 'Kaori Momoi', 'Gong Li']",<WikipediaPage 'Memoirs of a Geisha (film)'>,45,The Adventures of Tintin
276,"['Craig T. Nelson', 'Holly Hunter', 'Sarah Vowell', 'Samuel L. Jackson', 'Bob Odenkirk', 'Catherine Keener', 'Jonathan Banks']",<WikipediaPage 'Incredibles 2'>,46,After Earth
277,error,error,46,Australia
278,keyerror,<WikipediaPage 'Hulk'>,46,R.I.P.D.
279,"['Bruce Willis', 'Justin Long', 'Timothy Olyphant', 'Cliff Curtis', 'Maggie Q']",<WikipediaPage 'Live Free or Die Hard'>,46,How to Train Your Dragon: The Hidden World
280,"['Josh Hartnett', 'Eric Bana', 'Ewan McGregor', 'Tom Sizemore', 'William Fichtner', 'Sam Shepard']",<WikipediaPage 'Black Hawk Down (film)'>,46,"The Twilight Saga: Breaking Dawn, Part 1"
281,"['Joseph Fiennes', 'Jude Law', 'Rachel Weisz', 'Bob Hoskins', 'Ed Harris']",<WikipediaPage 'Enemy at the Gates'>,46,Dinosaur
282,"['Felicity Jones', 'Diego Luna', 'Ben Mendelsohn', 'Donnie Yen', 'Mads Mikkelsen', 'Alan Tudyk', 'Jiang Wen', 'Forest Whitaker', 'Riz Ahmed']",<WikipediaPage 'Rogue One'>,47,Logan
283,"['Jeff Goldblum', 'Liam Hemsworth', 'Bill Pullman', 'Maika Monroe', 'Travis Tope', 'William Fichtner', 'Charlotte Gainsbourg', 'Judd Hirsch']",<WikipediaPage 'Independence Day: Resurgence'>,47,Night at the Museum: Secret of the Tomb
284,"['Ming-Na Wen', 'Alec Baldwin', 'James Woods', 'Donald Sutherland', 'Ving Rhames', 'Steve Buscemi', 'Peri Gilpin']",<WikipediaPage 'Final Fantasy: The Spirits Within'>,47,Harry Potter and the Deathly Hallows: Part II
285,"['Shailene Woodley', 'Theo James', 'Octavia Spencer', 'Jai Courtney', 'Ray Stevenson', 'Zoë Kravitz', 'Miles Teller', 'Ansel Elgort', 'Maggie Q', 'Naomi Watts', 'Kate Winslet']",<WikipediaPage 'The Divergent Series: Insurgent'>,47,The Hunger Games: Mockingjay - Part 1
286,"['Kim Cattrall', 'Kristin Davis', 'Cynthia Nixon', 'John Corbett', 'Chris Noth']",<WikipediaPage 'Sex and the City 2'>,47,Harry Potter and the Sorcerer’s Stone
287,"['Arnold Schwarzenegger', 'F. Murray Abraham', 'Art Carney', 'Charles Dance', 'Frank McRae', 'Tom Noonan', 'Robert Prosky', 'Anthony Quinn', 'Mercedes Ruehl', ""Austin O'Brien""]",<WikipediaPage 'Last Action Hero'>,47,Jumanji: The Next Level
288,"['Ellen DeGeneres', 'Albert Brooks', 'Hayden Rolence', ""Ed O'Neill"", 'Kaitlin Olson', 'Ty Burrell', 'Diane Keaton', 'Eugene Levy']",<WikipediaPage 'Finding Dory'>,48,Harry Potter and the Deathly Hallows: Part I
289,error,<WikipediaPage 'Dune'>,48,The Da Vinci Code
290,"['Kristen Stewart', 'Robert Pattinson', 'Taylor Lautner', 'Billy Burke', 'Peter Facinelli', 'Elizabeth Reaser', 'Kellan Lutz', 'Nikki Reed', 'Jackson Rathbone', 'Ashley Greene', 'Michael Sheen', 'Dakota Fanning']",<WikipediaPage 'The Twilight Saga: Breaking Dawn – Part 2'>,48,X-Men 2
291,"['George Clooney', 'Brad Pitt', 'Matt Damon', 'Catherine Zeta-Jones', 'Andy García', 'Don Cheadle', 'Bernie Mac', 'Julia Roberts', 'Casey Affleck', 'Scott Caan', 'Vincent Cassel', 'Eddie Jemison', 'Carl Reiner', 'Elliott Gould']",<WikipediaPage 'Ocean's Twelve'>,48,Fast Five
292,"['Logan Lerman', 'Brandon T. Jackson', 'Alexandra Daddario', 'Sean Bean', 'Pierce Brosnan', 'Steve Coogan', 'Rosario Dawson', 'Catherine Keener', 'Kevin McKidd', 'Joe Pantoliano', 'Uma Thurman']",<WikipediaPage 'Percy Jackson & the Olympians: The Lightning Thief'>,48,Teenage Mutant Ninja Turtles
293,"['Dwayne Johnson', 'Seann William Scott', 'Christopher Walken', 'Rosario Dawson', 'Ewen Bremner', 'William Lucking']",<WikipediaPage 'The Rundown'>,48,Sherlock Holmes: A Game of Shadows
294,"['Tom Hanks', 'Tim Allen', 'Annie Potts', 'Tony Hale', 'Keegan-Michael Key', 'Christina Hendricks', 'Jordan Peele', 'Keanu Reeves', 'Ally Maki', 'Jay Hernandez', 'Lori Alan', 'Joan Cusack', 'Wallace Shawn', 'John Ratzenberger', 'Blake Clark', 'Don Rickles', 'Estelle Harris', 'Bonnie Hunt', 'Jeff Garlin', 'Kristen Schaal', 'Timothy Dalton']",<WikipediaPage 'Toy Story 4'>,49,The Day After Tomorrow
295,"['Daniel Craig', 'Harrison Ford', 'Olivia Wilde', 'Sam Rockwell', 'Adam Beach', 'Clancy Brown', 'Paul Dano', 'Noah Ringer']",<WikipediaPage 'Cowboys & Aliens'>,49,The Boss Baby
296,"['Nicolas Cage', 'Emma Stone', 'Ryan Reynolds', 'Catherine Keener', 'Cloris Leachman', 'Clark Duke']",<WikipediaPage 'The Croods'>,49,Clash of the Titans
297,"['Pierce Brosnan', 'Jonathan Pryce', 'Michelle Yeoh', 'Teri Hatcher', 'Joe Don Baker', 'Judi Dench']",<WikipediaPage 'Tomorrow Never Dies'>,49,Trolls
298,error,error,49,Godzilla
299,"['James McAvoy', 'Hugh Laurie', 'Bill Nighy', 'Jim Broadbent', 'Imelda Staunton', 'Ashley Jensen']",<WikipediaPage 'Arthur Christmas'>,49,Prometheus
300,,<WikipediaPage 'Toy Story 3'>,50,The Bourne Legacy
301,,<WikipediaPage 'Beauty and the Beast'>,50,Batman & Robin
302,,<WikipediaPage 'The Revenant (2015 film)'>,50,Skyscraper
303,,error,50,The Call of the Wild
304,,error,50,Total Recall
305,,<WikipediaPage 'XXX: Return of Xander Cage'>,50,Assassin’s Creed
306,,<WikipediaPage 'Iron Man 3'>,51,Monster Trucks
307,,<WikipediaPage 'Spider-Man: Far From Home'>,51,The 13th Warrior
308,,<WikipediaPage 'The World Is Not Enough'>,51,How the Grinch Stole Christmas
309,,<WikipediaPage '300: Rise of an Empire'>,51,Mission: Impossible 2
310,,<WikipediaPage 'The Fifth Element'>,51,The Perfect Storm
311,,<WikipediaPage 'Meet Joe Black'>,51,Jason Bourne
312,,<WikipediaPage 'Guardians of the Galaxy Vol. 2'>,52,Fantastic Four: Rise of the Silver Surfer
313,,<WikipediaPage 'Aquaman'>,52,Life of Pi
314,,<WikipediaPage 'Rango (2011 film)'>,52,Ghost Rider
315,,error,52,Rampage
316,,<WikipediaPage 'The Road to El Dorado'>,52,Charlie s Angels: Full Throttle
317,,<WikipediaPage 'Cats & Dogs: The Revenge of Kitty Galore'>,52,Elysium
318,,<WikipediaPage 'The Amazing Spider-Man 2'>,53,Oblivion
319,,<WikipediaPage 'Shrek the Third'>,53,Power Rangers
320,,<WikipediaPage 'Master and Commander: The Far Side of the World'>,53,Stuart Little 2
321,,<WikipediaPage 'Passenger'>,53,RoboCop
322,,<WikipediaPage 'The Lovely Bones (film)'>,53,The Chronicles of Riddick
323,,<WikipediaPage 'Collateral damage'>,53,The Fantastic Four
324,,<WikipediaPage 'Alice's Adventures in Wonderland'>,54,Speed Racer
325,,<WikipediaPage 'Inception'>,54,The Island
326,,<WikipediaPage 'Turbocharger'>,54,How Do You Know?
327,,<WikipediaPage 'Green Hornet'>,54,Knight and Day
328,,<WikipediaPage 'Ben-Hur (1959 film)'>,54,Venom
329,,<WikipediaPage 'Showtime (TV network)'>,54,Star Wars Ep. I: The Phantom Menace
330,,<WikipediaPage 'Skyfall'>,55,Star Wars Ep. III: Revenge of the Sith
331,,<WikipediaPage 'The Hunger Games: Mockingjay – Part 2'>,55,Star Wars Ep. II: Attack of the Clones
332,,<WikipediaPage 'Teenage Mutant Ninja Turtles: Out of the Shadows'>,55,"Monsters, Inc."
333,,<WikipediaPage 'Miss Peregrine's Home for Peculiar Children'>,55,The Wolverine
334,,<WikipediaPage 'Seventh Son of a Seventh Son'>,55,Dante’s Peak
335,,<WikipediaPage 'Judge Dredd'>,55,The Huntsman: Winter’s War
336,,<WikipediaPage 'The Hobbit: An Unexpected Journey'>,56,Windtalkers
337,,<WikipediaPage 'Fast & Furious 6'>,56,Astérix aux Jeux Olympiques
338,,<WikipediaPage 'Happy Feet Two'>,56,Gulliver s Travels
339,,<WikipediaPage 'Real Steel'>,56,Ferdinand
340,,<WikipediaPage 'Finding Nemo'>,56,Deadpool 2
341,,<WikipediaPage 'Zodiac'>,56,Gravity
342,,<WikipediaPage 'Monsters University'>,57,Night at the Museum
343,,<WikipediaPage 'Godzilla'>,57,Mr. and Mrs. Smith
344,,<WikipediaPage 'Miami Vice'>,57,San Andreas
345,,<WikipediaPage 'Men in Black: International'>,57,The Smurfs
346,,<WikipediaPage 'The Lord of the Rings: The Return of the King'>,57,Live Free or Die Hard
347,,<WikipediaPage 'Scott Pilgrim vs. the World'>,57,The Divergent Series: Insurgent
348,,<WikipediaPage 'Oz the Great and Powerful'>,58,Ocean s Twelve
349,,<WikipediaPage 'X-Men: First Class'>,58,Tomorrow Never Dies
350,,<WikipediaPage 'The Nutcracker and the Four Realms'>,58,The Patriot
351,,<WikipediaPage 'The A-Team'>,58,300: Rise of an Empire
352,,<WikipediaPage 'The Lord of the Rings: The Two Towers'>,58,The Aviator
353,,<WikipediaPage 'The Core'>,58,Passengers
354,,<WikipediaPage 'X-Men: Days of Future Past'>,59,The Green Hornet
355,,<WikipediaPage 'The Curious Case of Benjamin Button (film)'>,59,Miss Peregrine’s Home for Peculiar Children
356,,<WikipediaPage 'The War of the Worlds'>,59,Real Steel
357,,<WikipediaPage 'The Smurfs 2'>,59,Men in Black: International
358,,<WikipediaPage 'Lara Croft: Tomb Raider'>,59,The A-Team
359,,<WikipediaPage 'Father's Day'>,59,The Smurfs 2
360,,<WikipediaPage 'The Amazing Spider-Man 2'>,60,The Divergent Series: Allegiant
361,,<WikipediaPage 'The Sorcerer's Apprentice'>,60,The Taking of Pelham 123
362,,<WikipediaPage 'Penguins of Madagascar'>,60,Ender s Game
363,,<WikipediaPage 'The Divergent Series: Allegiant'>,60,Home on the Range
364,,<WikipediaPage 'Kingsman: The Secret Service'>,60,Speed 2: Cruise Control
365,,<WikipediaPage 'The Greatest Showman'>,60,Kingdom of Heaven
366,,<WikipediaPage 'Cars 2'>,61,Ghost in the Shell
367,,<WikipediaPage 'Poseidon'>,61,Around the World in 80 Days
368,,<WikipediaPage 'The Hunger Games: Catching Fire'>,61,The Cat in the Hat
369,,<WikipediaPage 'The Taking of Pelham 123 (2009 film)'>,61,Ali
370,,<WikipediaPage 'The Lord of the Rings: The Fellowship of the Ring'>,61,The Martian
371,,<WikipediaPage 'Scooby-Doo'>,61,Allied
372,,<WikipediaPage 'Hobbs & Shaw'>,62,"I, Robot"
373,,<WikipediaPage 'Warcraft'>,62,Stuart Little
374,,<WikipediaPage 'Harry Potter and the Prisoner of Azkaban (film)'>,62,The Princess and the Frog
375,,<WikipediaPage 'Ender's Game'>,62,"10,000 B.C."
376,,<WikipediaPage 'Jurassic Park III'>,62,Ice Age: Collision Course
377,,<WikipediaPage 'Nutty Professor II: The Klumps'>,62,Town & Country
378,,<WikipediaPage 'Tron: Legacy'>,63,Kingsman: The Golden Circle
379,,<WikipediaPage 'The Irishman'>,63,Gone in 60 Seconds
380,,<WikipediaPage 'The Bourne Ultimatum (film)'>,63,Gladiator
381,,<WikipediaPage 'Home on the Range'>,63,The Hangover 3
382,,<WikipediaPage 'Rise of the Planet of the Apes'>,63,A Wrinkle in Time
383,,error,63,Public Enemies
384,,<WikipediaPage '2012'>,64,Casino Royale
385,,<WikipediaPage 'Deepwater Horizon'>,64,Minority Report
386,,<WikipediaPage 'Ant-Man and the Wasp'>,64,Bumblebee
387,,<WikipediaPage 'Speed 2: Cruise Control'>,64,Cloud Atlas
388,,<WikipediaPage 'The Spiderwick Chronicles'>,64,Harry Potter and the Chamber of Secrets
389,,error,64,Terminator 2: Judgment Day
390,,<WikipediaPage 'Fantastic Beasts: The Crimes of Grindelwald'>,65,Batman Forever
391,,[None None None None None None None None],65,Planet of the Apes
392,,<WikipediaPage 'Kung Fu Panda'>,65,National Treasure
393,,<WikipediaPage 'Kingdom of Heaven (film)'>,65,Django Unchained
394,,<WikipediaPage 'The Incredibles'>,65,1917
395,,<WikipediaPage 'Charlotte's Web'>,65,Little Fockers
396,,error,66,True Lies
397,,<WikipediaPage 'Godzilla vs. Kong'>,66,American Gangster
398,,<WikipediaPage 'Ant-Man and the Wasp: Quantumania'>,66,Cloudy with a Chance of Meatballs
399,,<WikipediaPage 'Ghost in the Shell'>,66,The Other Guys
400,"['Bruce Willis', 'Jai Courtney', 'Sebastian Koch', 'Yulia Snigir', 'Cole Hauser', 'Amaury Nolasco', 'Sergei Kolesnikov']",<WikipediaPage 'A Good Day to Die Hard'>,66,Lemony Snicket s A Series of Unfortunate Events
401,error,error,66,The Wolf of Wall Street
402,"['Christian Bale', 'Sam Worthington', 'Anton Yelchin', 'Moon Bloodgood', 'Bryce Dallas Howard', 'Common', 'Jane Alexander', 'Helena Bonham Carter']",<WikipediaPage 'Terminator Salvation'>,67,Epic
403,"['Arnold Schwarzenegger', 'Jason Clarke', 'Emilia Clarke', 'Jai Courtney', 'J. K. Simmons', 'Dayo Okeniyi', 'Matt Smith', 'Courtney B. Vance', 'Michael Gladis', 'Sandrine Holt', 'Lee Byung-hun']",<WikipediaPage 'Terminator Genisys'>,67,Eraser
404,error,<WikipediaPage 'Home'>,67,The Hunchback of Notre Dame
405,keyerror,<WikipediaPage 'Around the World in Eighty Days'>,67,The Emperor s New Groove
406,keyerror,<WikipediaPage 'Battle of the Alamo'>,67,The Expendables 2
407,"['Ron Perlman', 'Selma Blair', 'Doug Jones', 'Jeffrey Tambor', 'John Hurt']",<WikipediaPage 'Hellboy II: The Golden Army'>,67,Where the Wild Things Are
408,keyerror,<WikipediaPage 'Green Lantern'>,68,Eragon
409,"['John Boyega', 'Scott Eastwood', 'Jing Tian', 'Cailee Spaeny', 'Rinko Kikuchi', 'Burn Gorman', 'Adria Arjona', 'Max Zhang', 'Charlie Day']",<WikipediaPage 'Pacific Rim: Uprising'>,68,Hercules
410,"['Emily Blunt', 'Lin-Manuel Miranda', 'Ben Whishaw', 'Emily Mortimer', 'Julie Walters', 'Dick Van Dyke', 'Angela Lansbury', 'Colin Firth', 'Meryl Streep']",<WikipediaPage 'Mary Poppins Returns'>,68,The Tourist
411,keyerror,<WikipediaPage 'The Cat in the Hat'>,68,End of Days
412,"['Geena Davis', 'Matthew Modine', 'Frank Langella', 'Maury Chaykin', 'Patrick Malahide', 'Stan Shaw']",<WikipediaPage 'Cutthroat Island'>,68,Spies in Disguise
413,"['Adam Sandler', 'Chris Rock', 'James Cromwell', 'Nelly', 'William Fichtner', 'Burt Reynolds']",<WikipediaPage 'The Longest Yard (2005 film)'>,68,The Stepford Wives
414,keyerror,<WikipediaPage 'Prince of Persia: The Sands of Time'>,69,Surf’s Up
415,keyerror,<WikipediaPage 'Alexander'>,69,Blood Diamond
416,keyerror,<WikipediaPage 'Puss in Boots'>,69,Midway
417,keyerror,<WikipediaPage 'Ali'>,69,Legend of the Guardians: The Owls of Ga Hoole
418,keyerror,<WikipediaPage 'The Secret Life of Walter Mitty'>,69,Starship Troopers
419,"['Jason Statham', 'Jet Li', 'Dolph Lundgren', 'Chuck Norris', 'Jean-Claude Van Damme', 'Bruce Willis', 'Arnold Schwarzenegger', 'Terry Crews', 'Randy Couture', 'Liam Hemsworth', 'Scott Adkins', 'Amanda Ooms', 'Charisma Carpenter']",<WikipediaPage 'The Expendables 2'>,69,Land of the Lost
420,"['James McAvoy', 'Michael Fassbender', 'Jennifer Lawrence', 'Nicholas Hoult', 'Sophie Turner', 'Tye Sheridan', 'Alexandra Shipp', 'Jessica Chastain']",<WikipediaPage 'Dark Phoenix (film)'>,70,Peter Pan
421,"['Andy Serkis', 'Woody Harrelson', 'Steve Zahn']",<WikipediaPage 'War for the Planet of the Apes'>,70,Wonder Park
422,"['Will Ferrell', 'Tina Fey', 'Jonah Hill', 'David Cross', 'Brad Pitt', 'J.K. Simmons', 'Ben Stiller']",<WikipediaPage 'Megamind'>,70,Catwoman
423,error,<WikipediaPage 'Martian'>,70,The Expendables 3
424,"['Dwayne Johnson', 'Jack Black', 'Kevin Hart', 'Karen Gillan', 'Nick Jonas', 'Bobby Cannavale']",<WikipediaPage 'Jumanji: Welcome to the Jungle'>,70,Treasure Planet
425,"['Mary Elizabeth Winstead', 'Jurnee Smollett-Bell', 'Rosie Perez', 'Chris Messina', 'Ella Jay Basco', 'Ali Wong', 'Ewan McGregor']",<WikipediaPage 'Birds of Prey (2020 film)'>,70,Green Zone
426,error,error,71,Geostorm
427,error,<WikipediaPage 'Pearl Harbor'>,71,Point Break
428,"['Martin Lawrence', 'Will Smith', 'Jordi Mollà', 'Gabrielle Union', 'Peter Stormare', 'Theresa Randle', 'Joe Pantoliano']",<WikipediaPage 'Bad Boys II'>,71,Cats
429,error,<WikipediaPage 'Alliance'>,71,In the Heart of the Sea
430,error,<WikipediaPage 'Men in black'>,71,Transcendence
431,"['Alec Baldwin', 'James Marsden', 'Amy Sedaris', 'Jeff Goldblum', 'Eva Longoria', 'Jimmy Kimmel', 'Lisa Kudrow']",<WikipediaPage 'The Boss Baby: Family Business'>,71,Son of the Mask
432,"['Chris Pine', 'Kristen Wiig', 'Pedro Pascal', 'Robin Wright', 'Connie Nielsen']",<WikipediaPage 'Wonder Woman 1984'>,72,Mortal Engines
433,keyerror,<WikipediaPage 'Transformers'>,72,Chaos Walking
434,"['Jesse Eisenberg', 'Anne Hathaway', 'Leslie Mann', 'Jemaine Clement', 'George Lopez', 'Jamie Foxx', 'will.i.am', 'Bruno Mars', 'Andy García', 'Tracy Morgan', 'Rodrigo Santoro', 'Jake T. Austin']",<WikipediaPage 'Rio 2'>,72,The Adventures of Pluto Nash
435,keyerror,"<WikipediaPage 'I, Robot'>",72,Jin líng shí san chai
436,"['Tom Hanks', 'Tim Allen']",<WikipediaPage 'Toy Story 2'>,72,Artemis Fowl
437,"['Michael Rapaport', 'Tony Goldwyn', 'Michael Rooker', 'Sarah Wynter', 'Robert Duvall']",<WikipediaPage 'The 6th Day'>,72,The Peanuts Movie
438,keyerror,<WikipediaPage 'Hua Mulan'>,73,The LEGO Movie 2: The Second Part
439,"['Kristen Bell', 'Idina Menzel', 'Josh Gad', 'Jonathan Groff']",<WikipediaPage 'Frozen II'>,73,Robin Hood
440,error,<WikipediaPage 'Salt'>,73,The Mummy Returns
441,keyerror,<WikipediaPage 'Stuart Little'>,73,Ford v. Ferrari
442,"['Jackie Chan', 'Chris Tucker', 'John Lone', 'Alan King', 'Roselyn Sánchez', 'Harris Yulin', 'Zhang Ziyi']",<WikipediaPage 'Rush Hour 2'>,73,Gangs of New York
443,"['Jim Carrey', 'Morgan Freeman', 'Jennifer Aniston', 'Philip Baker Hall']",<WikipediaPage 'Bruce Almighty'>,73,Alien: Covenant
444,keyerror,<WikipediaPage 'Eternals (comics)'>,74,Cinderella
445,keyerror,<WikipediaPage 'Wonder Woman'>,74,Ice Age: Continental Drift
446,keyerror,<WikipediaPage 'Noah'>,74,Black Hawk Down
447,"['Anika Noni Rose', 'Bruno Campos', 'Keith David', 'Michael-Leon Wooley', 'Jim Cummings', 'Jennifer Cody', 'Peter Bartlett', 'Jenifer Lewis', 'Oprah Winfrey', 'Terrence Howard', 'John Goodman']",<WikipediaPage 'The Princess and the Frog'>,74,Sex and the City 2
448,keyerror,<WikipediaPage 'Sherlock Holmes'>,74,Percy Jackson & the Olympians: The Lightning Thief
449,keyerror,<WikipediaPage 'The Hunger Games'>,74,The Campaign
450,"['Shia LaBeouf', 'Josh Duhamel', 'John Turturro', 'Tyrese Gibson', 'Rosie Huntington-Whiteley', 'Patrick Dempsey', 'Kevin Dunn', 'Julie White', 'John Malkovich', 'Frances McDormand']",<WikipediaPage 'Transformers: Dark of the Moon'>,75,Unstoppable
451,error,error,75,The Fifth Element
452,keyerror,<WikipediaPage 'The Adventures of Tintin'>,75,The Road to El Dorado
453,"['Steven Strait', 'Camilla Belle', 'Cliff Curtis']","<WikipediaPage '10,000 BC (film)'>",75,The Lovely Bones
454,"['Martin Lawrence', 'Paola Núñez', 'Vanessa Hudgens', 'Alexander Ludwig', 'Charles Melton', 'Kate del Castillo', 'Nicky Jam', 'Joe Pantoliano']",<WikipediaPage 'Bad Boys for Life'>,75,Ben-Hur
455,"['Bradley Cooper', 'Ed Helms', 'Zach Galifianakis', 'Ken Jeong', 'Jeffrey Tambor', 'Justin Bartha', 'Paul Giamatti']",<WikipediaPage 'The Hangover Part II'>,75,Seventh Son
456,keyerror,<WikipediaPage 'Mummy'>,76,Finding Nemo
457,"['Ginnifer Goodwin', 'Jason Bateman', 'Idris Elba', 'Jenny Slate', 'Nate Torrence', 'Bonnie Hunt', 'Don Lake', 'Tommy Chong', 'J. K. Simmons', 'Octavia Spencer', 'Alan Tudyk', 'Shakira']",<WikipediaPage 'Zootopia'>,76,The Lord of the Rings: The Return of the King
458,"['Jaden Smith', 'Will Smith']",<WikipediaPage 'After Earth'>,76,The Lord of the Rings: The Two Towers
459,"['Ray Romano', 'John Leguizamo', 'Denis Leary', 'Josh Peck', 'Simon Pegg', 'Seann William Scott', 'Jennifer Lopez', 'Queen Latifah']",<WikipediaPage 'Ice Age: Collision Course'>,76,Lara Croft: Tomb Raider
460,"['Ray Romano', 'John Leguizamo', 'Denis Leary', 'Queen Latifah', 'Simon Pegg', 'Seann William Scott', 'Josh Peck']",<WikipediaPage 'Ice Age: Dawn of the Dinosaurs'>,76,Kingsman: The Secret Service
461,keyerror,<WikipediaPage 'Mission: Impossible'>,76,The Lord of the Rings: The Fellowship of the Ring
462,"['Nicholas Hoult', 'Eleanor Tomlinson', 'Stanley Tucci', 'Ian McShane', 'Bill Nighy', 'Ewan McGregor']",<WikipediaPage 'Jack the Giant Slayer'>,77,Jurassic Park III
463,keyerror,<WikipediaPage 'Harry Potter and the Order of the Phoenix'>,77,Rise of the Planet of the Apes
464,keyerror,<WikipediaPage 'Australia'>,77,The Spiderwick Chronicles
465,keyerror,<WikipediaPage 'Chrysler Town & Country (minivan)'>,77,The Incredibles
466,"['Shameik Moore', 'Jake Johnson', 'Hailee Steinfeld', 'Mahershala Ali', 'Brian Tyree Henry', 'Lily Tomlin', 'Luna Lauren Velez', 'John Mulaney', 'Kimiko Glenn', 'Nicolas Cage', 'Liev Schreiber']",<WikipediaPage 'Spider-Man: Into the Spider-Verse'>,77,A Good Day to Die Hard
467,"['Will Arnett', 'Zach Galifianakis', 'Michael Cera', 'Rosario Dawson', 'Ralph Fiennes']",<WikipediaPage 'The Lego Batman Movie'>,77,The Alamo
468,"['Paul Walker', 'Dwayne Johnson', 'Michelle Rodriguez', 'Tyrese Gibson', 'Chris “Ludacris” Bridges', 'Jordana Brewster', 'Djimon Hounsou', 'Kurt Russell', 'Jason Statham']",<WikipediaPage 'Furious 7'>,78,Cutthroat Island
469,keyerror,<WikipediaPage 'Harry Potter and the Goblet of Fire'>,78,The Secret Life of Walter Mitty
470,"['Jeff Bridges', 'Ryan Reynolds', 'Kevin Bacon', 'Mary-Louise Parker', 'Stéphanie Szostak']",<WikipediaPage 'R.I.P.D.'>,78,Jumanji: Welcome to the Jungle
471,"['Colin Firth', 'Julianne Moore', 'Taron Egerton', 'Mark Strong', 'Halle Berry', 'Elton John', 'Channing Tatum', 'Jeff Bridges']",<WikipediaPage 'Kingsman: The Golden Circle'>,78,Men in Black
472,"['Harrison Ford', 'Michelle Pfeiffer', 'Diana Scarwid']",<WikipediaPage 'What Lies Beneath'>,78,Toy Story 2
473,"['Adam Sandler', 'Andy Samberg', 'Selena Gomez', 'Kevin James', 'David Spade', 'Steve Buscemi', 'Keegan-Michael Key', 'Molly Shannon', 'Fran Drescher', 'Mel Brooks']",<WikipediaPage 'Hotel Transylvania 2'>,78,Rush Hour 2
474,"['John Cho', 'Benedict Cumberbatch', 'Alice Eve', 'Bruce Greenwood', 'Simon Pegg', 'Chris Pine', 'Zachary Quinto', 'Zoe Saldana', 'Karl Urban', 'Peter Weller', 'Anton Yelchin']",<WikipediaPage 'Star Trek Into Darkness'>,79,Sherlock Holmes
475,"['Keanu Reeves', 'Laurence Fishburne', 'Carrie-Anne Moss', 'Hugo Weaving', 'Jada Pinkett Smith', 'Gloria Foster']",<WikipediaPage 'The Matrix Reloaded'>,79,Bad Boys For Life
476,"['Jay Baruchel', 'America Ferrera', 'F. Murray Abraham', 'Cate Blanchett', 'Gerard Butler', 'Craig Ferguson', 'Jonah Hill', 'Christopher Mintz Plasse', 'Kristen Wiig', 'Kit Harrington']",<WikipediaPage 'How to Train Your Dragon: The Hidden World'>,79,Ice Age: Dawn of the Dinosaurs
477,"['Nicolas Cage', 'Angelina Jolie', 'Giovanni Ribisi', 'Delroy Lindo', 'Will Patton', 'Christopher Eccleston', 'Chi McBride', 'Robert Duvall']",<WikipediaPage 'Gone in 60 Seconds (2000 film)'>,79,Spider-Man: Into The Spider-Verse 3D
478,keyerror,<WikipediaPage 'Sonic the Hedgehog'>,79,What Lies Beneath
479,"['Michael Keaton', 'Danny DeVito', 'Michelle Pfeiffer', 'Christopher Walken', 'Michael Gough', 'Pat Hingle', 'Michael Murphy', 'Vincent Schiavelli']",<WikipediaPage 'Batman Returns'>,79,Sonic The Hedgehog
480,keyerror,<WikipediaPage 'World War Z'>,80,Rio
481,"['Will Smith', 'Alice Braga', 'Dash Mihok']",<WikipediaPage 'I Am Legend (film)'>,80,Once Upon a Time…in Hollywood
482,"['Kristen Stewart', 'Robert Pattinson', 'Taylor Lautner', 'Billy Burke', 'Peter Facinelli', 'Elizabeth Reaser', 'Kellan Lutz', 'Nikki Reed', 'Jackson Rathbone', 'Ashley Greene']",<WikipediaPage 'The Twilight Saga: Breaking Dawn – Part 1'>,80,The Departed
483,error,<WikipediaPage 'Gladiator'>,80,Charlie s Angels
484,error,error,80,Mulan
485,"['Patton Oswalt', 'Kevin Hart', 'Eric Stonestreet', 'Jenny Slate', 'Tiffany Haddish', 'Lake Bell', 'Nick Kroll', 'Dana Carvey', 'Ellie Kemper', 'Chris Renaud', 'Hannibal Buress', 'Bobby Moynihan', 'Harrison Ford']",<WikipediaPage 'The Secret Life of Pets 2'>,80,Tropic Thunder
486,keyerror,<WikipediaPage 'The Great Gatsby'>,81,The Girl with the Dragon Tattoo
487,"['Auliʻi Cravalho', 'Dwayne Johnson', 'Rachel House', 'Temuera Morrison', 'Jemaine Clement', 'Nicole Scherzinger', 'Alan Tudyk']",<WikipediaPage 'Moana (2016 film)'>,81,Contact
488,keyerror,<WikipediaPage 'Dinosaur'>,81,You Don t Mess With the Zohan
489,"['Bradley Cooper', 'Ed Helms', 'Zach Galifianakis', 'Ken Jeong', 'Heather Graham', 'Jeffrey Tambor', 'Justin Bartha', 'John Goodman']",<WikipediaPage 'The Hangover Part III'>,81,Die Hard: With a Vengeance
490,"['Leonardo DiCaprio', 'Brad Pitt', 'Margot Robbie', 'Emile Hirsch', 'Margaret Qualley', 'Timothy Olyphant', 'Austin Butler', 'Dakota Fanning', 'Bruce Dern', 'Al Pacino']",<WikipediaPage 'Once Upon a Time in Hollywood'>,81,The Magnificent Seven
491,keyerror,<WikipediaPage 'Mummy'>,81,Alvin and the Chipmunks: The Road Chip
492,"['Jim Carrey', 'Gary Oldman', 'Colin Firth', 'Bob Hoskins', 'Robin Wright Penn', 'Cary Elwes']",<WikipediaPage 'A Christmas Carol (2009 film)'>,82,Atlantis: The Lost Empire
493,error,error,82,Valkyrie
494,error,error,82,Pixels
495,keyerror,<WikipediaPage 'A Wrinkle in Time'>,82,Artificial Intelligence: AI
496,"['Leonardo DiCaprio', 'Matt Damon', 'Jack Nicholson', 'Mark Wahlberg', 'Martin Sheen', 'Ray Winstone', 'Vera Farmiga', 'Alec Baldwin']",<WikipediaPage 'The Departed'>,82,The Haunted Mansion
497,"['Bruce Willis', 'Garry Shandling', 'Steve Carell', 'Wanda Sykes', 'William Shatner', 'Nick Nolte', 'Thomas Haden Church', 'Allison Janney', 'Eugene Levy', ""Catherine O'Hara"", 'Avril Lavigne', 'Omid Djalili', 'Brian Stepanek']",<WikipediaPage 'Over the Hedge (film)'>,82,Hollow Man
498,error,<WikipediaPage 'Pacific Rim'>,83,The Interpreter
499,keyerror,<WikipediaPage 'Charlie and the Chocolate Factory'>,83,Percy Jackson: Sea of Monsters
500,"['Ben Stiller', 'Robin Williams', 'Owen Wilson', 'Dan Stevens', 'Ben Kingsley']",<WikipediaPage 'Night at the Museum: Secret of the Tomb'>,83,Lara Croft: Tomb Raider: The Cradle of Life
501,keyerror,<WikipediaPage 'Public Enemy'>,83,Now You See Me 2
502,"['Kate Jackson', 'Farrah Fawcett', 'Jaclyn Smith', 'Cheryl Ladd', 'Shelley Hack', 'Tanya Roberts', 'David Doyle']",<WikipediaPage 'Charlie's Angels'>,83,Spy Game
503,"['Daveigh Chase', 'Tia Carrere', 'Ving Rhames', 'David Ogden Stiers', 'Kevin McDonald', 'Jason Scott Lee', 'Zoe Caldwell', 'Kevin Michael Richardson']",<WikipediaPage 'Lilo & Stitch'>,83,The Saint
504,"['Raymond Ochoa', 'Sam Elliott', 'Anna Paquin', 'A.J. Buckley', 'Steve Zahn', 'Jeffrey Wright', 'Frances McDormand']",<WikipediaPage 'The Good Dinosaur'>,84,Mission to Mars
505,"['Patton Oswalt', 'Ian Holm', 'Lou Romano', 'Janeane Garofalo', 'Brad Garrett', ""Peter O'Toole"", 'Brian Dennehy', 'Peter Sohn', 'Will Arnett']",<WikipediaPage 'Ratatouille (film)'>,84,Tomb Raider
506,"['Daniel Radcliffe', 'Rupert Grint', 'Emma Watson', 'Helena Bonham Carter', 'Robbie Coltrane', 'Warwick Davis', 'Ralph Fiennes', 'Michael Gambon', 'John Hurt', 'Jason Isaacs', 'Gary Oldman', 'Alan Rickman', 'Maggie Smith', 'David Thewlis', 'Julie Walters']",<WikipediaPage 'Harry Potter and the Deathly Hallows – Part 2'>,84,Bicentennial Man
507,"['Daniel Craig', 'Eva Green', 'Mads Mikkelsen', 'Jeffrey Wright', 'Judi Dench']",<WikipediaPage 'Casino Royale (2006 film)'>,84,King Arthur
508,keyerror,<WikipediaPage 'Hua Mulan'>,84,Volcano
509,"['Robert Duvall', 'Téa Leoni', 'Elijah Wood', 'Vanessa Redgrave', 'Maximilian Schell', 'Morgan Freeman']",<WikipediaPage 'Deep Impact (film)'>,84,The Devil s Own
510,keyerror,<WikipediaPage 'Iron Man'>,85,K-19: The Widowmaker
511,"['Chris Hemsworth', 'Natalie Portman', 'Tom Hiddleston', 'Anthony Hopkins', 'Stellan Skarsgård', 'Idris Elba', 'Christopher Eccleston', 'Adewale Akinnuoye-Agbaje', 'Kat Dennings', 'Ray Stevenson', 'Zachary Levi', 'Tadanobu Asano', 'Jaimie Alexander', 'Rene Russo']",<WikipediaPage 'Thor: The Dark World'>,85,Conan the Barbarian
512,"['Jennifer Lawrence', 'Josh Hutcherson', 'Liam Hemsworth', 'Woody Harrelson', 'Elizabeth Banks', 'Julianne Moore', 'Philip Seymour Hoffman', 'Jeffrey Wright', 'Stanley Tucci', 'Donald Sutherland']",<WikipediaPage 'The Hunger Games: Mockingjay – Part 1'>,85,The Three Musketeers
513,"['Tom Cruise', 'Colin Farrell', 'Samantha Morton', 'Max von Sydow']",<WikipediaPage 'Minority Report (film)'>,85,The Promise
514,"['Jack Black', 'Robert Downey Jr.', 'Steve Coogan', 'Jay Baruchel', 'Danny McBride', 'Brandon T. Jackson', 'Bill Hader', 'Nick Nolte']",<WikipediaPage 'Tropic Thunder'>,85,The Nutcracker in 3D
515,"['Adam Sandler', 'Kevin James', 'Chris Rock', 'David Spade', 'Salma Hayek', 'Maya Rudolph', 'Maria Bello', 'Nick Swardson']",<WikipediaPage 'Grown Ups 2'>,85,Bright
516,"['Christian Bale', 'Michael Caine', 'Gary Oldman', 'Anne Hathaway', 'Tom Hardy', 'Marion Cotillard', 'Joseph Gordon-Levitt', 'Morgan Freeman']",<WikipediaPage 'The Dark Knight Rises'>,86,Army of the Dead
517,"['Christian Bale', 'Michael Caine', 'Liam Neeson', 'Katie Holmes', 'Gary Oldman', 'Cillian Murphy', 'Tom Wilkinson', 'Rutger Hauer', 'Ken Watanabe', 'Morgan Freeman']",<WikipediaPage 'Batman Begins'>,86,Twister
518,keyerror,<WikipediaPage 'Harry Potter and the Philosopher's Stone'>,86,Cinderella Man
519,keyerror,<WikipediaPage 'Bumblebee'>,86,The Predator
520,"['Rooney Mara', 'Daniel Craig', 'Christopher Plummer', 'Stellan Skarsgård', 'Steven Berkoff', 'Robin Wright', 'Yorick van Wageningen', 'Joely Richardson']",<WikipediaPage 'The Girl with the Dragon Tattoo (2011 film)'>,86,Fantastic Four
521,"['Jason Lee', 'David Cross', 'Jenny Slate', 'Justin Long', 'Matthew Gray Gubler', 'Jesse McCartney', 'Christina Applegate', 'Anna Faris', 'Amy Poehler', 'Alan Tudyk']",<WikipediaPage 'Alvin and the Chipmunks: Chipwrecked'>,86,Hannibal
522,"['Harrison Ford', 'Cate Blanchett', 'Karen Allen', 'Ray Winstone', 'John Hurt', 'Jim Broadbent', 'Shia LaBeouf']",<WikipediaPage 'Indiana Jones and the Kingdom of the Crystal Skull'>,87,Seabiscuit
523,"['Jeremy Renner', 'Simon Pegg', 'Rebecca Ferguson', 'Ving Rhames', 'Sean Harris', 'Alec Baldwin']",<WikipediaPage 'Mission: Impossible – Rogue Nation'>,87,Cast Away
524,"['Jack Black', 'Kevin Hart', 'Karen Gillan', 'Nick Jonas', 'Awkwafina', 'Danny Glover', 'Danny DeVito']",<WikipediaPage 'Jumanji: The Next Level'>,87,Happy Feet
525,"['Tom Hanks', 'Halle Berry', 'Jim Broadbent', 'Hugo Weaving', 'Jim Sturgess', 'Doona Bae', 'Ben Whishaw', ""James D'Arcy"", 'Zhou Xun', 'Keith David', 'David Gyasi', 'Susan Sarandon', 'Hugh Grant']",<WikipediaPage 'Cloud Atlas (film)'>,87,Ocean s Eleven
526,error,error,87,The Bourne Supremacy
527,"['Don Adams', 'Barbara Feldon', 'Edward Platt']",<WikipediaPage 'Get Smart'>,87,Air Force One
528,error,error,88,Fast & Furious
529,keyerror,<WikipediaPage 'Dunkirk'>,88,Horton Hears a Who
530,"['Daniel Radcliffe', 'Rupert Grint', 'Emma Watson', 'Helena Bonham Carter', 'Robbie Coltrane', 'Warwick Davis', 'Ralph Fiennes', 'Michael Gambon', 'Brendan Gleeson', 'Richard Griffiths', 'John Hurt', 'Jason Isaacs', 'Alan Rickman', 'Fiona Shaw', 'Timothy Spall', 'Imelda Staunton', 'David Thewlis', 'Julie Walters']",<WikipediaPage 'Harry Potter and the Deathly Hallows – Part 1'>,88,Divergent
531,keyerror,<WikipediaPage 'Harry Potter and the Chamber of Secrets'>,88,Hotel Transylvania
532,"['John Turturro', 'Emmanuelle Chriqui', 'Nick Swardson', 'Lainie Kazan', 'Rob Schneider']",<WikipediaPage 'You Don't Mess with the Zohan'>,88,Shazam!
533,keyerror,<WikipediaPage 'Robot'>,88,Enchanted
534,"['Tom Hiddleston', 'Samuel L. Jackson', 'John Goodman', 'Brie Larson', 'Jing Tian', 'Toby Kebbell', 'John Ortiz', 'Corey Hawkins', 'Jason Mitchell', 'Shea Whigham', 'Thomas Mann', 'Terry Notary', 'John C. Reilly']",<WikipediaPage 'Kong: Skull Island'>,89,Safe House
535,error,<WikipediaPage 'Thor'>,89,I Now Pronounce You Chuck and Larry
536,keyerror,<WikipediaPage 'The Da Vinci Code'>,89,Ocean s Thirteen
537,"['Arnold Schwarzenegger', 'Linda Hamilton', 'Robert Patrick']",<WikipediaPage 'Terminator 2: Judgment Day'>,89,It’s Complicated
538,"['Bruce Willis', 'Jeremy Irons', 'Samuel L. Jackson', 'Graham Greene', 'Colleen Camp', 'Larry Bryggman', 'Sam Phillips']",<WikipediaPage 'Die Hard with a Vengeance'>,89,Enemy of the State
539,"['Leonardo DiCaprio', 'Mark Ruffalo', 'Ben Kingsley', 'Michelle Williams', 'Emily Mortimer', 'Patricia Clarkson', 'Max von Sydow']",<WikipediaPage 'Shutter Island (film)'>,89,Open Season
540,"['Chris Pine', 'John Cho', 'Simon Pegg', 'Zachary Quinto', 'Zoe Saldana', 'Karl Urban', 'Anton Yelchin', 'Idris Elba']",<WikipediaPage 'Star Trek Beyond'>,90,Tower Heist
541,"['Ben Stiller', 'Chris Rock', 'David Schwimmer', 'Jada Pinkett Smith', 'Sacha Baron Cohen', 'Cedric the Entertainer', 'Andy Richter', 'Bernie Mac', 'Alec Baldwin', 'Sherri Shepherd', 'will.i.am']",<WikipediaPage 'Madagascar: Escape 2 Africa'>,90,102 Dalmatians
542,"['Patrick Stewart', 'Hugh Jackman', 'Ian McKellen', 'Halle Berry', 'Famke Janssen', 'James Marsden', 'Rebecca Romijn-Stamos', 'Brian Cox', 'Alan Cumming', 'Bruce Davison', 'Anna Paquin']",<WikipediaPage 'X2 (film)'>,90,Mirror Mirror
543,"['Val Kilmer', 'Tommy Lee Jones', 'Jim Carrey', 'Nicole Kidman', ""Chris O'Donnell"", 'Michael Gough', 'Pat Hingle']",<WikipediaPage 'Batman Forever'>,90,The Holiday
544,"['Yul Brynner', 'Eli Wallach', 'Steve McQueen', 'Charles Bronson', 'Robert Vaughn', 'Horst Buchholz']",<WikipediaPage 'The Magnificent Seven'>,90,The Fast and the Furious: Tokyo Drift
545,"['Jack Nicholson', 'Diane Keaton', 'Keanu Reeves', 'Frances McDormand', 'Amanda Peet', 'Jon Favreau']",<WikipediaPage 'Something's Gotta Give (film)'>,90,Memoirs of a Geisha
546,"['Elle Fanning', 'Chiwetel Ejiofor', 'Sam Riley', 'Ed Skrein', 'Imelda Staunton', 'Juno Temple', 'Lesley Manville', 'Michelle Pfeiffer']",<WikipediaPage 'Maleficent: Mistress of Evil'>,91,Enemy at the Gates
547,"['Hugh Jackman', 'Liev Schreiber', 'Danny Huston', 'Dominic Monaghan', 'Ryan Reynolds']",<WikipediaPage 'X-Men Origins: Wolverine'>,91,Last Action Hero
548,"['Paul Walker', 'Jordana Brewster', 'Tyrese Gibson', 'Ludacris', 'Sung Kang', 'Tego Calderon', 'Don Omar', 'Gal Gadot', 'Dwayne Johnson', 'Matt Schulze']",<WikipediaPage 'Fast Five'>,91,The Rundown
549,keyerror,<WikipediaPage 'Planet of the Apes'>,91,Arthur Christmas
550,"['Jason Lee', 'Tony Hale', 'Kimberly Williams-Paisley', 'Bella Thorne', 'Justin Long', 'Matthew Gray Gubler', 'Jesse McCartney', 'Kaley Cuoco', 'Anna Faris', 'Christina Applegate']",<WikipediaPage 'Alvin and the Chipmunks: The Road Chip'>,91,xXx: Return of Xander Cage
551,"['Vince Vaughn', 'Reese Witherspoon', 'Robert Duvall', 'Jon Favreau', 'Mary Steenburgen', 'Dwight Yoakam', 'Tim McGraw', 'Kristin Chenoweth', 'Jon Voight', 'Sissy Spacek']",<WikipediaPage 'Four Christmases'>,91,Meet Joe Black
552,"['Ryan Gosling', 'Harrison Ford', 'Ana de Armas', 'Sylvia Hoeks', 'Robin Wright', 'Mackenzie Davis', 'Carla Juri', 'Lennie James', 'Dave Bautista', 'Jared Leto']",<WikipediaPage 'Blade Runner 2049'>,92,Cats & Dogs: The Revenge of Kitty Galore
553,"['Ben Stiller', 'Amy Adams', 'Owen Wilson', 'Hank Azaria', 'Christopher Guest', 'Alain Chabat', 'Steve Coogan', 'Ricky Gervais', 'Bill Hader', 'Jon Bernthal', 'Robin Williams']",<WikipediaPage 'Night at the Museum: Battle of the Smithsonian'>,92,Collateral Damage
554,keyerror,<WikipediaPage 'Teenage Mutant Ninja Turtles'>,92,Showtime
555,error,<WikipediaPage 'National treasure'>,92,Judge Dredd
556,"['Michael J. Fox', 'James Garner', 'Cree Summer', 'Don Novello', 'Phil Morris', 'Claudia Christian', 'Jacqueline Obradors', 'Florence Stanley', 'David Ogden Stiers', 'John Mahoney', 'Jim Varney', 'Corey Burton', 'Leonard Nimoy']",<WikipediaPage 'Atlantis: The Lost Empire'>,92,Zodiac
557,"['John Travolta', 'Nicolas Cage', 'Joan Allen', 'Gina Gershon', 'Alessandro Nivola', 'Colm Feore']",<WikipediaPage 'Face/Off'>,92,Scott Pilgrim vs. The World
558,"['Linda Hamilton', 'Arnold Schwarzenegger', 'Mackenzie Davis', 'Natalia Reyes', 'Gabriel Luna', 'Diego Boneta']",<WikipediaPage 'Terminator: Dark Fate'>,93,The Core
559,"['Jack Black', 'Angelina Jolie', 'Dustin Hoffman', 'Gary Oldman', 'Seth Rogen', 'Lucy Liu', 'David Cross', 'James Hong', 'Michelle Yeoh', 'Danny McBride', 'Dennis Haysbert', 'Jean-Claude Van Damme', 'Victor Garber', 'Jackie Chan']",<WikipediaPage 'Kung Fu Panda 2'>,93,Father s Day
560,"['Robert Downey Jr.', 'Jude Law', 'Noomi Rapace', 'Jared Harris', 'Eddie Marsan', 'Rachel McAdams']",<WikipediaPage 'Sherlock Holmes: A Game of Shadows'>,93,The Greatest Showman
561,"['Jamie Foxx', 'Christoph Waltz', 'Leonardo DiCaprio', 'Kerry Washington', 'Samuel L. Jackson', 'Walton Goggins', 'Dennis Christopher', 'James Remar', 'Michael Parks', 'Don Johnson']",<WikipediaPage 'Django Unchained'>,93,Scooby-Doo
562,error,<WikipediaPage 'Valkyrie'>,93,Nutty Professor II: The Klumps
563,"['Keri Russell', 'Guy Pearce', 'Russell Brand', 'Richard Griffiths', 'Jonathan Pryce', 'Courteney Cox', 'Lucy Lawless', 'Teresa Palmer']",<WikipediaPage 'Bedtime Stories (film)'>,93,RED 2
564,keyerror,<WikipediaPage 'Aladdin'>,94,Click
565,"['Tom Hardy', 'Charlize Theron', 'Nicholas Hoult', 'Hugh Keays-Byrne', 'Rosie Huntington-Whiteley', 'Riley Keough', 'Zoë Kravitz', 'Abbey Lee', 'Courtney Eaton']",<WikipediaPage 'Mad Max: Fury Road'>,94,Charlotte\ s Web
566,"['Dennis Quaid', 'Jake Gyllenhaal', 'Ian Holm', 'Emmy Rossum', 'Sela Ward']",<WikipediaPage 'The Day After Tomorrow'>,94,Jumper
567,keyerror,<WikipediaPage '1917'>,94,Hellboy II: The Golden Army
568,error,<WikipediaPage 'Pixel'>,94,The Longest Yard
569,"['Tom Hanks', 'Paul Newman', 'Jude Law', 'Jennifer Jason Leigh', 'Stanley Tucci', 'Daniel Craig']",<WikipediaPage 'Road to Perdition'>,94,The Expendables
570,"['Chris Hemsworth', 'Tom Hiddleston', 'Cate Blanchett', 'Idris Elba', 'Jeff Goldblum', 'Tessa Thompson', 'Karl Urban', 'Mark Ruffalo', 'Anthony Hopkins']",<WikipediaPage 'Thor: Ragnarok'>,95,Birds of Prey (And the Fantabulous Emancipation…
571,"['Ryan Reynolds', 'Justice Smith', 'Kathryn Newton', 'Suki Waterhouse', 'Omar Chaparro', 'Chris Geere', 'Ken Watanabe', 'Bill Nighy']",<WikipediaPage 'Detective Pikachu (film)'>,95,The Boss Baby: Family Business
572,"['Alec Baldwin', 'Steve Buscemi', 'Jimmy Kimmel', 'Lisa Kudrow']",<WikipediaPage 'The Boss Baby'>,95,The 6th Day
573,"['Robert De Niro', 'Ben Stiller', 'Owen Wilson', 'Blythe Danner', 'Teri Polo', 'Jessica Alba', 'Laura Dern', 'Harvey Keitel', 'Dustin Hoffman', 'Barbra Streisand', 'Scott Thorley']",<WikipediaPage 'Little Fockers'>,95,Bruce Almighty
574,error,<WikipediaPage 'Artificial intelligence'>,95,The Hunger Games
575,['Jennifer Aniston'],<WikipediaPage 'Just Go with It'>,95,The Hangover Part II
576,"['William Moseley', 'Anna Popplewell', 'Skandar Keynes', 'Georgie Henley', 'Tilda Swinton', 'James McAvoy', 'Jim Broadbent', 'Liam Neeson']","<WikipediaPage 'The Chronicles of Narnia: The Lion, the Witch and the Wardrobe'>",96,Mission: Impossible
577,"['Keanu Reeves', 'Laurence Fishburne', 'Carrie-Anne Moss', 'Hugo Weaving', 'Jada Pinkett Smith']",<WikipediaPage 'The Matrix Revolutions'>,96,The Lego Batman Movie
578,"['Sam Worthington', 'Gemma Arterton', 'Mads Mikkelsen', 'Alexa Davalos', 'Ralph Fiennes', 'Liam Neeson']",<WikipediaPage 'Clash of the Titans (2010 film)'>,96,Hotel Transylvania 2
579,"['Arnold Schwarzenegger', 'Jamie Lee Curtis', 'Tom Arnold', 'Bill Paxton', 'Art Malik', 'Tia Carrere']",<WikipediaPage 'True Lies'>,96,Batman Returns
580,keyerror,<WikipediaPage 'The Haunted Mansion'>,96,The Secret Life of Pets 2
581,error,error,96,The Mummy
582,keyerror,<WikipediaPage 'Maleficent'>,97,Over the Hedge
583,keyerror,<WikipediaPage 'Ready Player One'>,97,Lilo & Stitch
584,error,<WikipediaPage 'Troll'>,97,Deep Impact
585,"['Russell Crowe', 'Denzel Washington', 'Chiwetel Ejiofor', 'Cuba Gooding Jr.', 'Josh Brolin', 'Ted Levine', 'Armand Assante', 'John Ortiz', 'John Hawkes', 'RZA']",<WikipediaPage 'American Gangster (film)'>,97,Grown Ups 2
586,"['Elisabeth Shue', 'Kevin Bacon', 'Josh Brolin', 'Kim Dickens', 'Greg Grunberg', 'Joey Slotnick', 'William Devane']",<WikipediaPage 'Hollow Man'>,97,Alvin and the Chipmunks: Chipwrecked
587,"['Shia LaBeouf', 'Michelle Monaghan', 'Rosario Dawson', 'Michael Chiklis', 'Anthony Mackie', 'Billy Bob Thornton']",<WikipediaPage 'Eagle Eye'>,97,Get Smart
588,"['Eddie Redmayne', 'Katherine Waterston', 'Dan Fogler', 'Alison Sudol', 'Ezra Miller', 'Samantha Morton', 'Jon Voight', 'Carmen Ejogo', 'Ron Perlman', 'Colin Farrell']",<WikipediaPage 'Fantastic Beasts and Where to Find Them (film)'>,98,Robots
589,error,<WikipediaPage 'Henny Penny'>,98,Shutter Island
590,keyerror,<WikipediaPage 'Godzilla'>,98,Something s Gotta Give
591,"['Bill Hader', 'Anna Faris', 'James Caan', 'Andy Samberg', 'Bruce Campbell', 'Mr. T', ""Bobb'e J. Thompson"", 'Benjamin Bratt', 'Neil Patrick Harris', 'Al Roker', 'Lauren Graham', 'Will Forte']",<WikipediaPage 'Cloudy with a Chance of Meatballs (film)'>,98,Four Christmases
592,"['Nicole Kidman', 'Sean Penn', 'Catherine Keener']",<WikipediaPage 'The Interpreter'>,98,Face/Off
593,"['Nicolas Cage', 'John Cusack', 'John Malkovich', 'Steve Buscemi', 'Ving Rhames', 'Colm Meaney', 'Mykelti Williamson', 'Rachel Ticotin']",<WikipediaPage 'Con Air'>,98,Bedtime Stories
594,"['Ben Burtt', 'Elissa Knight', 'Jeff Garlin', 'Fred Willard', 'John Ratzenberger', 'Kathy Najimy', 'Sigourney Weaver']",<WikipediaPage 'WALL-E'>,99,Road to Perdition
595,"['Philip Seymour Hoffman', 'Ving Rhames', 'Billy Crudup', 'Michelle Monaghan', 'Jonathan Rhys Meyers', 'Keri Russell', 'Maggie Q', 'Laurence Fishburne']",<WikipediaPage 'Mission: Impossible III'>,99,Just Go With It
596,keyerror,<WikipediaPage 'Prometheus'>,99,Daredevil
597,"['Mark Wahlberg', 'Eva Mendes', 'Michael Keaton', 'Steve Coogan', 'Ray Stevenson', 'Samuel L. Jackson', 'Dwayne Johnson']",<WikipediaPage 'The Other Guys'>,99,Eagle Eye
598,"['Logan Lerman', 'Brandon T. Jackson', 'Alexandra Daddario', 'Jake Abel', 'Douglas Smith', 'Stanley Tucci']",<WikipediaPage 'Percy Jackson: Sea of Monsters'>,99,Con Air
599,keyerror,<WikipediaPage 'Yogi Bear'>,99,Yogi Bear
