1917	keyerror
2012	0
10,000 BC 	['Steven Strait', 'Camilla Belle', 'Cliff Curtis']
102 Dalmatians	['Glenn Close', 'Ioan Gruffudd', 'Alice Evans', 'Tim McInnerny', 'Gérard Depardieu']
300: Rise of an Empire	0
A Good Day to Die Hard	['Bruce Willis', 'Jai Courtney', 'Sebastian Koch', 'Yulia Snigir', 'Cole Hauser', 'Amaury Nolasco', 'Sergei Kolesnikov']
A Wrinkle in Time	keyerror
	keyerror
After Earth	['Jaden Smith', 'Will Smith']
Air Force One	error
Aladdin	keyerror
Alexander	keyerror
Alien: Covenant	['Michael Fassbender', 'Katherine Waterston', 'Billy Crudup', 'Danny McBride', 'Demián Bichir']
Alita: Battle Angel	['Rosa Salazar', 'Christoph Waltz', 'Jennifer Connelly', 'Mahershala Ali', 'Ed Skrein', 'Jackie Earle Haley', 'Keean Johnson']
Alvin and the Chipmunks: Chipwrecked	['Jason Lee', 'David Cross', 'Jenny Slate', 'Justin Long', 'Matthew Gray Gubler', 'Jesse McCartney', 'Christina Applegate', 'Anna Faris', 'Amy Poehler', 'Alan Tudyk']
Alvin and the Chipmunks: The Road Chip	['Jason Lee', 'Tony Hale', 'Kimberly Williams-Paisley', 'Bella Thorne', 'Justin Long', 'Matthew Gray Gubler', 'Jesse McCartney', 'Kaley Cuoco', 'Anna Faris', 'Christina Applegate']
	['Russell Crowe', 'Denzel Washington', 'Chiwetel Ejiofor', 'Cuba Gooding Jr.', 'Josh Brolin', 'Ted Levine', 'Armand Assante', 'John Ortiz', 'John Hawkes', 'RZA']
	keyerror
Angels & Demons	keyerror
Ant-Man and the Wasp	0
	0
Aquaman	0
Armageddon	error
	keyerror
Artemis Fowl	keyerror
	keyerror
Atlantis: The Lost Empire	['Michael J. Fox', 'James Garner', 'Cree Summer', 'Don Novello', 'Phil Morris', 'Claudia Christian', 'Jacqueline Obradors', 'Florence Stanley', 'David Ogden Stiers', 'John Mahoney', 'Jim Varney', 'Corey Burton', 'Leonard Nimoy']
Australia	keyerror
Avatar	error
	keyerror
Avengers: Age of Ultron	['Robert Downey Jr.', 'Chris Hemsworth', 'Mark Ruffalo', 'Chris Evans', 'Scarlett Johansson', 'Jeremy Renner', 'Don Cheadle', 'Aaron Taylor-Johnson', 'Elizabeth Olsen', 'Paul Bettany', 'Cobie Smulders', 'Anthony Mackie', 'Hayley Atwell', 'Idris Elba', 'Stellan Skarsgård', 'James Spader', 'Samuel L. Jackson']
Avengers: Endgame	['Robert Downey Jr.', 'Chris Evans', 'Mark Ruffalo', 'Chris Hemsworth', 'Scarlett Johansson', 'Jeremy Renner', 'Don Cheadle', 'Paul Rudd', 'Brie Larson', 'Karen Gillan', 'Danai Gurira', 'Benedict Wong', 'Jon Favreau', 'Bradley Cooper', 'Gwyneth Paltrow', 'Josh Brolin']
Avengers: Endgame	['Robert Downey Jr.', 'Chris Evans', 'Mark Ruffalo', 'Chris Hemsworth', 'Scarlett Johansson', 'Jeremy Renner', 'Don Cheadle', 'Paul Rudd', 'Brie Larson', 'Karen Gillan', 'Danai Gurira', 'Benedict Wong', 'Jon Favreau', 'Bradley Cooper', 'Gwyneth Paltrow', 'Josh Brolin']
Avengers: Infinity War	['Robert Downey Jr.', 'Chris Hemsworth', 'Mark Ruffalo', 'Chris Evans', 'Scarlett Johansson', 'Benedict Cumberbatch', 'Don Cheadle', 'Tom Holland', 'Chadwick Boseman', 'Paul Bettany', 'Elizabeth Olsen', 'Anthony Mackie', 'Sebastian Stan', 'Danai Gurira', 'Letitia Wright', 'Dave Bautista', 'Zoe Saldana', 'Josh Brolin', 'Chris Pratt']
Bad Boys For Life	['Martin Lawrence', 'Paola Núñez', 'Vanessa Hudgens', 'Alexander Ludwig', 'Charles Melton', 'Kate del Castillo', 'Nicky Jam', 'Joe Pantoliano']
Bad Boys II	['Martin Lawrence', 'Will Smith', 'Jordi Mollà', 'Gabrielle Union', 'Peter Stormare', 'Theresa Randle', 'Joe Pantoliano']
	['Arnold Schwarzenegger', 'George Clooney',"Chris O'Donnell", 'Uma Thurman', 'Alicia Silverstone', 'Michael Gough', 'Pat Hingle', 'Elle Macpherson']
Batman Begins	['Christian Bale', 'Michael Caine', 'Liam Neeson', 'Katie Holmes', 'Gary Oldman', 'Cillian Murphy', 'Tom Wilkinson', 'Rutger Hauer', 'Ken Watanabe', 'Morgan Freeman']
Batman Forever	['Val Kilmer', 'Tommy Lee Jones', 'Jim Carrey', 'Nicole Kidman',"Chris O'Donnell", 'Michael Gough', 'Pat Hingle']
Batman Returns	['Michael Keaton', 'Danny DeVito', 'Michelle Pfeiffer', 'Christopher Walken', 'Michael Gough', 'Pat Hingle', 'Michael Murphy', 'Vincent Schiavelli']
Batman v Superman: Dawn of Justice	['Ben Affleck', 'Henry Cavill', 'Amy Adams', 'Jesse Eisenberg', 'Diane Lane', 'Laurence Fishburne', 'Jeremy Irons', 'Holly Hunter', 'Gal Gadot']
	keyerror
Battleship	error
Beauty and the Beast	0
	['Keri Russell', 'Guy Pearce', 'Russell Brand', 'Richard Griffiths', 'Jonathan Pryce', 'Courteney Cox', 'Lucy Lawless', 'Teresa Palmer']
Bee Movie	['Renée Zellweger', 'Matthew Broderick', 'John Goodman', 'Patrick Warburton', 'Chris Rock']
Beowulf	keyerror
	['Robin Williams', 'Sam Neill', 'Embeth Davidtz', 'Wendy Crewson', 'Oliver Platt']
	['Mary Elizabeth Winstead', 'Jurnee Smollett-Bell', 'Rosie Perez', 'Chris Messina', 'Ella Jay Basco', 'Ali Wong', 'Ewan McGregor']
	['Josh Hartnett', 'Eric Bana', 'Ewan McGregor', 'Tom Sizemore', 'William Fichtner', 'Sam Shepard']
Bruce Almighty	['Jim Carrey', 'Morgan Freeman', 'Jennifer Aniston', 'Philip Baker Hall']
Bumblebee	keyerror
Captain America: Civil War	['Chris Evans', 'Robert Downey Jr.', 'Scarlett Johansson', 'Sebastian Stan', 'Anthony Mackie', 'Don Cheadle', 'Jeremy Renner', 'Chadwick Boseman', 'Paul Bettany', 'Elizabeth Olsen', 'Paul Rudd', 'Emily VanCamp', 'Tom Holland', 'Frank Grillo', 'William Hurt', 'Daniel Brühl']
Captain America: The First Avenger	['Chris Evans', 'Tommy Lee Jones', 'Hugo Weaving', 'Hayley Atwell', 'Sebastian Stan', 'Dominic Cooper', 'Neal McDonough', 'Derek Luke', 'Stanley Tucci']
Captain America: The Winter Soldier	['Chris Evans', 'Scarlett Johansson', 'Sebastian Stan', 'Anthony Mackie', 'Cobie Smulders', 'Frank Grillo', 'Emily VanCamp', 'Hayley Atwell', 'Robert Redford', 'Samuel L. Jackson']
	keyerror
	['Brie Larson', 'Samuel L. Jackson', 'Ben Mendelsohn', 'Djimon Hounsou', 'Lee Pace', 'Lashana Lynch', 'Gemma Chan', 'Annette Bening', 'Clark Gregg', 'Jude Law']
Cars 2	0
Cars 3	['Owen Wilson', 'Cristela Alonzo', 'Chris Cooper', 'Armie Hammer', 'Larry the Cable Guy', 'Bonnie Hunt', 'Nathan Fillion', 'Lea DeLaria', 'Kerry Washington']
	['Daniel Craig', 'Eva Green', 'Mads Mikkelsen', 'Jeffrey Wright', 'Judi Dench']
Cast Away	['Helen Hunt', 'Nick Searcy']
	keyerror
Cats & Dogs: The Revenge of Kitty Galore	0
Catwoman	keyerror
	['Daisy Ridley', 'Tom Holland', 'Mads Mikkelsen', 'Demián Bichir', 'Cynthia Erivo', 'Nick Jonas', 'David Oyelowo']
	keyerror
Cinderella	keyerror
Cinderella Man	['Russell Crowe', 'Renée Zellweger', 'Paul Giamatti', 'Craig Bierko', 'Bruce McGill', 'Paddy Considine']
	['Tom Hanks', 'Halle Berry', 'Jim Broadbent', 'Hugo Weaving', 'Jim Sturgess', 'Doona Bae', 'Ben Whishaw',"James D'Arcy", 'Zhou Xun', 'Keith David', 'David Gyasi', 'Susan Sarandon', 'Hugh Grant']
	['Bill Hader', 'Anna Faris', 'James Caan', 'Andy Samberg', 'Bruce Campbell', 'Mr. T',"Bobb'e J. Thompson", 'Benjamin Bratt', 'Neil Patrick Harris', 'Al Roker', 'Lauren Graham', 'Will Forte']
Con Air	['Nicolas Cage', 'John Cusack', 'John Malkovich', 'Steve Buscemi', 'Ving Rhames', 'Colm Meaney', 'Mykelti Williamson', 'Rachel Ticotin']
Conan the Barbarian	keyerror
	['Daniel Craig', 'Harrison Ford', 'Olivia Wilde', 'Sam Rockwell', 'Adam Beach', 'Clancy Brown', 'Paul Dano', 'Noah Ringer']
	['James McAvoy', 'Michael Fassbender', 'Jennifer Lawrence', 'Nicholas Hoult', 'Sophie Turner', 'Tye Sheridan', 'Alexandra Shipp', 'Jessica Chastain']
Deadpool 2	['Josh Brolin', 'Morena Baccarin', 'Julian Dennison', 'Zazie Beetz', 'T.J. Miller', 'Brianna Hildebrand', 'Jack Kesy']
	['Robert Duvall', 'Téa Leoni', 'Elijah Wood', 'Vanessa Redgrave', 'Maximilian Schell', 'Morgan Freeman']
Deepwater Horizon	0
	['Ryan Reynolds', 'Justice Smith', 'Kathryn Newton', 'Suki Waterhouse', 'Omar Chaparro', 'Chris Geere', 'Ken Watanabe', 'Bill Nighy']
Die Another Day	['Pierce Brosnan', 'Halle Berry', 'Toby Stephens', 'Rosamund Pike', 'Rick Yune', 'John Cleese', 'Judi Dench', 'Michael Madsen']
	['Bruce Willis', 'Jeremy Irons', 'Samuel L. Jackson', 'Graham Greene', 'Colleen Camp', 'Larry Bryggman', 'Sam Phillips']
Dinosaur	keyerror
Django Unchained	['Jamie Foxx', 'Christoph Waltz', 'Leonardo DiCaprio', 'Kerry Washington', 'Samuel L. Jackson', 'Walton Goggins', 'Dennis Christopher', 'James Remar', 'Michael Parks', 'Don Johnson']
	['Robert Downey Jr.', 'Antonio Banderas', 'Michael Sheen', 'Harry Collett', 'Emma Thompson', 'Rami Malek', 'John Cena', 'Kumail Nanjiani', 'Octavia Spencer', 'Tom Holland', 'Ralph Fiennes', 'Selena Gomez', 'Marion Cotillard']
Dumbo	['Edward Brophy', 'Verna Felton', 'Cliff Edwards', 'Herman Bing', 'Sterling Holloway', 'Hall Johnson Choir']
Dune	error
Dunkirk	keyerror
Eagle Eye	['Shia LaBeouf', 'Michelle Monaghan', 'Rosario Dawson', 'Michael Chiklis', 'Anthony Mackie', 'Billy Bob Thornton']
Edge of Tomorrow	['Tom Cruise', 'Emily Blunt', 'Bill Paxton', 'Brendan Gleeson']
Elysium	error
	['Arnold Schwarzenegger', 'Gabriel Byrne', 'Kevin Pollak', 'Robin Tunney', 'Rod Steiger']
	0
Enemy at the Gates	['Joseph Fiennes', 'Jude Law', 'Rachel Weisz', 'Bob Hoskins', 'Ed Harris']
Eragon	keyerror
	keyerror
Evan Almighty	['Steve Carell', 'Morgan Freeman', 'Lauren Graham', 'John Goodman', 'John Michael Higgins', 'Jimmy Bennett', 'Wanda Sykes']
Face/Off	['John Travolta', 'Nicolas Cage', 'Joan Allen', 'Gina Gershon', 'Alessandro Nivola', 'Colm Feore']
	['Eddie Redmayne', 'Katherine Waterston', 'Dan Fogler', 'Alison Sudol', 'Ezra Miller', 'Samantha Morton', 'Jon Voight', 'Carmen Ejogo', 'Ron Perlman', 'Colin Farrell']
Fantastic Beasts: The Crimes of Grindelwald	0
Fantastic Four	keyerror
Fantastic Four	keyerror
Fantastic Four: Rise of the Silver Surfer	['Ioan Gruffudd', 'Jessica Alba', 'Chris Evans', 'Michael Chiklis', 'Julian McMahon', 'Kerry Washington', 'Andre Braugher', 'Beau Garrett', 'Doug Jones', 'Laurence Fishburne']
Fast & Furious	keyerror
	0
Fast Five	['Paul Walker', 'Jordana Brewster', 'Tyrese Gibson', 'Ludacris', 'Sung Kang', 'Tego Calderon', 'Don Omar', 'Gal Gadot', 'Dwayne Johnson', 'Matt Schulze']
	0
Ferdinand	keyerror
Finding Nemo	0
	['Matt Damon', 'Christian Bale']
	keyerror
Four Christmases	['Vince Vaughn', 'Reese Witherspoon', 'Robert Duvall', 'Jon Favreau', 'Mary Steenburgen', 'Dwight Yoakam', 'Tim McGraw', 'Kristin Chenoweth', 'Jon Voight', 'Sissy Spacek']
Frozen II	['Kristen Bell', 'Idina Menzel', 'Josh Gad', 'Jonathan Groff']
	['Jim Carrey', 'Téa Leoni', 'Alec Baldwin', 'Richard Jenkins']
G.I. Joe: Retaliation	['D. J. Cotrona', 'Byung-hun Lee', 'Adrianne Palicki', 'Ray Park', 'Jonathan Pryce', 'Ray Stevenson', 'Channing Tatum', 'Bruce Willis', 'Dwayne Johnson']
G.I. Joe: The Rise of Cobra	['Channing Tatum', 'Marlon Wayans', 'Adewale Akinnuoye-Agbaje', 'Dennis Quaid', 'Rachel Nichols', 'Saïd Taghmaoui', 'Ray Park', 'Joseph Gordon-Levitt', 'Christopher Eccleston', 'Sienna Miller', 'Byung-hun Lee', 'Jonathan Pryce']
Gangs of New York	['Leonardo DiCaprio', 'Daniel Day-Lewis', 'Cameron Diaz']
	['Will Smith', 'Mary Elizabeth Winstead', 'Clive Owen', 'Benedict Wong']
Geostorm	['Gerard Butler', 'Jim Sturgess', 'Abbie Cornish', 'Alexandra Maria Lara', 'Daniel Wu', 'Eugenio Derbez', 'Ed Harris', 'Andy García']
Get Smart	['Don Adams', 'Barbara Feldon', 'Edward Platt']
G-Force	error
Ghost in the Shell	0
Ghost Rider	keyerror
Ghostbusters	['Bill Murray', 'Dan Aykroyd', 'Sigourney Weaver', 'Harold Ramis', 'Rick Moranis']
Gladiator	error
Godzilla	keyerror
Godzilla	0
Godzilla vs. Kong	0
	['Kyle Chandler', 'Vera Farmiga', 'Millie Bobby Brown', 'Bradley Whitford', 'Sally Hawkins', 'Charles Dance', 'Thomas Middleditch', 'Aisha Hinds',"O'Shea Jackson Jr.", 'David Strathairn', 'Ken Watanabe', 'Zhang Ziyi']
	['Nicolas Cage', 'Angelina Jolie', 'Giovanni Ribisi', 'Delroy Lindo', 'Will Patton', 'Christopher Eccleston', 'Chi McBride', 'Robert Duvall']
Gravity	error
	keyerror
	0
Green Lantern	keyerror
Green Zone	error
Grown Ups 2	['Adam Sandler', 'Kevin James', 'Chris Rock', 'David Spade', 'Salma Hayek', 'Maya Rudolph', 'Maria Bello', 'Nick Swardson']
	['Chris Pratt', 'Zoe Saldana', 'Dave Bautista', 'Vin Diesel', 'Bradley Cooper', 'Michael Rooker', 'Karen Gillan', 'Pom Klementieff', 'Elizabeth Debicki', 'Chris Sullivan', 'Sean Gunn', 'Sylvester Stallone', 'Kurt Russell']
	0
	keyerror
Hannibal	keyerror
	['Daniel Radcliffe', 'Rupert Grint', 'Emma Watson', 'Helena Bonham Carter', 'Robbie Coltrane', 'Warwick Davis', 'Ralph Fiennes', 'Michael Gambon', 'Brendan Gleeson', 'Richard Griffiths', 'John Hurt', 'Jason Isaacs', 'Alan Rickman', 'Fiona Shaw', 'Timothy Spall', 'Imelda Staunton', 'David Thewlis', 'Julie Walters']
	['Daniel Radcliffe', 'Rupert Grint', 'Emma Watson', 'Helena Bonham Carter', 'Robbie Coltrane', 'Warwick Davis', 'Ralph Fiennes', 'Michael Gambon', 'John Hurt', 'Jason Isaacs', 'Gary Oldman', 'Alan Rickman', 'Maggie Smith', 'David Thewlis', 'Julie Walters']
Harry Potter and the Goblet of Fire	keyerror
	['Daniel Radcliffe', 'Rupert Grint', 'Emma Watson', 'Jim Broadbent', 'Helena Bonham Carter', 'Robbie Coltrane', 'Warwick Davis', 'Michael Gambon', 'Alan Rickman', 'Maggie Smith', 'Timothy Spall', 'David Thewlis', 'Julie Walters']
	0
Hellboy II: The Golden Army	['Ron Perlman', 'Selma Blair', 'Doug Jones', 'Jeffrey Tambor', 'John Hurt']
	error
Hercules	keyerror
Hollow Man	['Elisabeth Shue', 'Kevin Bacon', 'Josh Brolin', 'Kim Dickens', 'Greg Grunberg', 'Joey Slotnick', 'William Devane']
Home	error
Home on the Range	0
	keyerror
	['Adam Sandler', 'Andy Samberg', 'Selena Gomez', 'Kevin James', 'David Spade', 'Steve Buscemi', 'Keegan-Michael Key', 'Molly Shannon', 'Fran Drescher', 'Mel Brooks']
Hotel Transylvania	keyerror
	['Reese Witherspoon', 'Owen Wilson', 'Paul Rudd', 'Jack Nicholson', 'Kathryn Hahn']
How to Train Your Dragon 2	['Jay Baruchel', 'Cate Blanchett', 'Gerard Butler', 'Craig Ferguson', 'America Ferrera', 'Jonah Hill', 'Christopher Mintz-Plasse', 'T.J. Miller', 'Kristen Wiig', 'Djimon Hounsou', 'Kit Harington']
How to Train Your Dragon: The Hidden World	['Jay Baruchel', 'America Ferrera', 'F. Murray Abraham', 'Cate Blanchett', 'Gerard Butler', 'Craig Ferguson', 'Jonah Hill', 'Christopher Mintz Plasse', 'Kristen Wiig', 'Kit Harrington']
	keyerror
	keyerror
	['Will Smith', 'Alice Braga', 'Dash Mihok']
	['Kevin James', 'Jessica Biel', 'Ving Rhames', 'Steve Buscemi', 'Dan Aykroyd']
Ice Age: Collision Course	['Ray Romano', 'John Leguizamo', 'Denis Leary', 'Josh Peck', 'Simon Pegg', 'Seann William Scott', 'Jennifer Lopez', 'Queen Latifah']
Ice Age: Continental Drift	['Ray Romano', 'John Leguizamo', 'Denis Leary', 'Nicki Minaj', 'Drake', 'Jennifer Lopez', 'Queen Latifah']
Ice Age: Dawn of the Dinosaurs	['Ray Romano', 'John Leguizamo', 'Denis Leary', 'Queen Latifah', 'Simon Pegg', 'Seann William Scott', 'Josh Peck']
	['Chris Hemsworth', 'Benjamin Walker', 'Cillian Murphy', 'Tom Holland', 'Ben Whishaw', 'Brendan Gleeson']
Inception	0
Incredibles 2	['Craig T. Nelson', 'Holly Hunter', 'Sarah Vowell', 'Samuel L. Jackson', 'Bob Odenkirk', 'Catherine Keener', 'Jonathan Banks']
Independence Day: Resurgence	['Jeff Goldblum', 'Liam Hemsworth', 'Bill Pullman', 'Maika Monroe', 'Travis Tope', 'William Fichtner', 'Charlotte Gainsbourg', 'Judd Hirsch']
Indiana Jones and the Kingdom of the Crystal Skull	['Harrison Ford', 'Cate Blanchett', 'Karen Allen', 'Ray Winstone', 'John Hurt', 'Jim Broadbent', 'Shia LaBeouf']
	['Amy Poehler', 'Phyllis Smith', 'Richard Kind', 'Lewis Black', 'Bill Hader', 'Mindy Kaling', 'Diane Lane', 'Kyle MacLachlan']
	error
Iron Man 2	['Robert Downey Jr.', 'Gwyneth Paltrow', 'Don Cheadle', 'Scarlett Johansson', 'Sam Rockwell', 'Mickey Rourke', 'Samuel L. Jackson']
Iron Man 3	0
Jack the Giant Slayer	['Nicholas Hoult', 'Eleanor Tomlinson', 'Stanley Tucci', 'Ian McShane', 'Bill Nighy', 'Ewan McGregor']
	['Taylor Kitsch', 'Lynn Collins', 'Samantha Morton', 'Mark Strong', 'Ciarán Hinds', 'Dominic West', 'James Purefoy', 'Willem Dafoe']
Judge Dredd	0
Jumanji: Welcome to the Jungle	['Dwayne Johnson', 'Jack Black', 'Kevin Hart', 'Karen Gillan', 'Nick Jonas', 'Bobby Cannavale']
Jupiter Ascending	['Mila Kunis', 'Channing Tatum', 'Sean Bean', 'Eddie Redmayne', 'Douglas Booth']
Jurassic Park III	0
Jurassic World	['Chris Pratt', 'Bryce Dallas Howard',"Vincent D'Onofrio", 'Ty Simpkins', 'Nick Robinson', 'Omar Sy', 'BD Wong', 'Irrfan Khan']
Just Go With It	['Jennifer Aniston']
Justice League	keyerror
K-19: The Widowmaker	['Harrison Ford', 'Liam Neeson', 'Peter Sarsgaard']
King Arthur	error
King Arthur: Legend of the Sword	['Charlie Hunnam', 'Àstrid Bergès-Frisbey', 'Djimon Hounsou', 'Aidan Gillen', 'Jude Law', 'Eric Bana']
King Kong	keyerror
	0
Kingsman: The Golden Circle	['Colin Firth', 'Julianne Moore', 'Taron Egerton', 'Mark Strong', 'Halle Berry', 'Elton John', 'Channing Tatum', 'Jeff Bridges']
Kingsman: The Secret Service	0
Knight and Day	['Tom Cruise', 'Cameron Diaz', 'Peter Sarsgaard', 'Viola Davis', 'Jordi Mollà', 'Paul Dano']
Kong: Skull Island	['Tom Hiddleston', 'Samuel L. Jackson', 'John Goodman', 'Brie Larson', 'Jing Tian', 'Toby Kebbell', 'John Ortiz', 'Corey Hawkins', 'Jason Mitchell', 'Shea Whigham', 'Thomas Mann', 'Terry Notary', 'John C. Reilly']
Kung Fu Panda	0
Kung Fu Panda 2	['Jack Black', 'Angelina Jolie', 'Dustin Hoffman', 'Gary Oldman', 'Seth Rogen', 'Lucy Liu', 'David Cross', 'James Hong', 'Michelle Yeoh', 'Danny McBride', 'Dennis Haysbert', 'Jean-Claude Van Damme', 'Victor Garber', 'Jackie Chan']
Kung Fu Panda 3	['Jack Black', 'Bryan Cranston', 'Dustin Hoffman', 'Angelina Jolie', 'J.K. Simmons', 'Seth Rogen', 'Lucy Liu', 'David Cross', 'Kate Hudson', 'James Hong', 'Randall Duk Kim', 'Jackie Chan']
	['Will Ferrell', 'Danny McBride', 'Anna Friel', 'Jorma Taccone']
Lara Croft: Tomb Raider	['Angelina Jolie', 'Jon Voight', 'Iain Glen', 'Noah Taylor', 'Daniel Craig']
Lara Croft: Tomb Raider	0
Last Action Hero	['Arnold Schwarzenegger', 'F. Murray Abraham', 'Art Carney', 'Charles Dance', 'Frank McRae', 'Tom Noonan', 'Robert Prosky', 'Anthony Quinn', 'Mercedes Ruehl',"Austin O'Brien"]
	['Helen Mirren', 'Geoffrey Rush', 'Jim Sturgess', 'Hugo Weaving', 'Emily Barclay', 'Abbie Cornish', 'Ryan Kwanten', 'Anthony LaPaglia', 'Miriam Margolyes', 'Sam Neill', 'Richard Roxburgh', 'David Wenham']
	['Jim Carrey', 'Jude Law', 'Liam Aiken', 'Emily Browning', 'Timothy Spall',"Catherine O'Hara", 'Billy Connolly', 'Cedric the Entertainer', 'Luis Guzmán', 'Jennifer Coolidge', 'Meryl Streep']
Life of Pi	keyerror
Little Fockers	['Robert De Niro', 'Ben Stiller', 'Owen Wilson', 'Blythe Danner', 'Teri Polo', 'Jessica Alba', 'Laura Dern', 'Harvey Keitel', 'Dustin Hoffman', 'Barbra Streisand', 'Scott Thorley']
Live Free or Die Hard	['Bruce Willis', 'Justin Long', 'Timothy Olyphant', 'Cliff Curtis', 'Maggie Q']
	keyerror
Mad Max: Fury Road	['Tom Hardy', 'Charlize Theron', 'Nicholas Hoult', 'Hugh Keays-Byrne', 'Rosie Huntington-Whiteley', 'Riley Keough', 'Zoë Kravitz', 'Abbey Lee', 'Courtney Eaton']
	['Ben Stiller', 'Chris Rock', 'David Schwimmer', 'Jada Pinkett Smith', 'Sacha Baron Cohen', 'Cedric the Entertainer', 'Andy Richter', 'Tom McGrath', 'Jessica Chastain', 'Bryan Cranston', 'Martin Short', 'Frances McDormand']
Maleficent	keyerror
	['Henry Cavill', 'Amy Adams', 'Michael Shannon', 'Kevin Costner', 'Diane Lane', 'Laurence Fishburne', 'Antje Traue', 'Ayelet Zurer', 'Christopher Meloni', 'Russell Crowe']
Mars Needs Moms	['Seth Green', 'Dan Fogler', 'Tom Everett Scott', 'Elisabeth Harnois', 'Mindy Sterling', 'Joan Cusack', 'Dee Bradley Baker']
	error
Mary Poppins Returns	['Emily Blunt', 'Lin-Manuel Miranda', 'Ben Whishaw', 'Emily Mortimer', 'Julie Walters', 'Dick Van Dyke', 'Angela Lansbury', 'Colin Firth', 'Meryl Streep']
Master and Commander: The Far Side of the World	0
Meet Joe Black	0
Megamind	['Will Ferrell', 'Tina Fey', 'Jonah Hill', 'David Cross', 'Brad Pitt', 'J.K. Simmons', 'Ben Stiller']
	['Zhang Ziyi', 'Ken Watanabe', 'Michelle Yeoh', 'Kōji Yakusho', 'Youki Kudoh', 'Kaori Momoi', 'Gong Li']
Men in Black	error
Men in Black 3	['Will Smith', 'Tommy Lee Jones', 'Josh Brolin', 'Jemaine Clement', 'Michael Stuhlbarg', 'Emma Thompson']
	['Tommy Lee Jones', 'Will Smith', 'Lara Flynn Boyle', 'Johnny Knoxville', 'Rosario Dawson', 'Tony Shalhoub', 'Rip Torn']
Miami Vice	0
	['Tom Cruise', 'Colin Farrell', 'Samantha Morton', 'Max von Sydow']
	['Julia Roberts', 'Lily Collins', 'Armie Hammer', 'Nathan Lane', 'Mare Winningham', 'Michael Lerner', 'Sean Bean']
Mission to Mars	['Gary Sinise', 'Don Cheadle', 'Connie Nielsen',"Jerry O'Connell", 'Kim Delaney', 'Tim Robbins']
Mission: Impossible	keyerror
	['Jeremy Renner', 'Simon Pegg', 'Paula Patton']
	['Jeremy Renner', 'Simon Pegg', 'Rebecca Ferguson', 'Ving Rhames', 'Sean Harris', 'Alec Baldwin']
Mission: Impossible 2	['Dougray Scott', 'Thandiwe Newton', 'Richard Roxburgh', 'John Polson', 'Brendan Gleeson', 'Rade Šerbedžija', 'Ving Rhames']
Mission: Impossible III	['Philip Seymour Hoffman', 'Ving Rhames', 'Billy Crudup', 'Michelle Monaghan', 'Jonathan Rhys Meyers', 'Keri Russell', 'Maggie Q', 'Laurence Fishburne']
Monsters vs. Aliens	['Reese Witherspoon', 'Seth Rogen', 'Hugh Laurie', 'Will Arnett', 'Kiefer Sutherland', 'Rainn Wilson', 'Paul Rudd', 'Stephen Colbert', 'Amy Poehler']
	['Halle Berry', 'Patrick Wilson', 'John Bradley', 'Charlie Plummer', 'Michael Peña', 'Donald Sutherland']
	['Hera Hilmar', 'Robert Sheehan', 'Hugo Weaving', 'Jihae', 'Ronan Raftery', 'Leila George', 'Patrick Malahide', 'Stephen Lang']
	['Brad Pitt', 'Angelina Jolie', 'Vince Vaughn', 'Adam Brody', 'Kerry Washington']
Mr. Peabody & Sherman	['Ty Burrell', 'Max Charles', 'Ariel Winter', 'Stephen Colbert', 'Leslie Mann', 'Allison Janney']
	keyerror
National Treasure	error
Night at the Museum	['Ben Stiller', 'Carla Gugino', 'Dick Van Dyke', 'Mickey Rooney', 'Bill Cobbs', 'Robin Williams']
Night at the Museum: Battle of the Smithsonian	['Ben Stiller', 'Amy Adams', 'Owen Wilson', 'Hank Azaria', 'Christopher Guest', 'Alain Chabat', 'Steve Coogan', 'Ricky Gervais', 'Bill Hader', 'Jon Bernthal', 'Robin Williams']
Night at the Museum: Secret of the Tomb	['Ben Stiller', 'Robin Williams', 'Owen Wilson', 'Dan Stevens', 'Ben Kingsley']
No Time to Die	['Daniel Craig', 'Rami Malek', 'Léa Seydoux', 'Lashana Lynch', 'Ben Whishaw', 'Naomie Harris', 'Jeffrey Wright', 'Christoph Waltz', 'Ralph Fiennes']
Noah	keyerror
	0
Now You See Me 2	['Jesse Eisenberg', 'Mark Ruffalo', 'Woody Harrelson', 'Dave Franco', 'Daniel Radcliffe', 'Lizzy Caplan', 'Jay Chou', 'Sanaa Lathan', 'Michael Caine', 'Morgan Freeman']
Nutty Professor II: The Klumps	0
	['George Clooney', 'Matt Damon', 'Andy García', 'Brad Pitt', 'Julia Roberts']
	['George Clooney', 'Brad Pitt', 'Matt Damon', 'Andy García', 'Don Cheadle', 'Bernie Mac', 'Ellen Barkin', 'Al Pacino', 'Casey Affleck', 'Scott Caan', 'Eddie Jemison', 'Shaobo Qin', 'Carl Reiner', 'Elliott Gould']
Pearl Harbor	error
Penguins of Madagascar	0
Percy Jackson & the Olympians: The Lightning Thief	['Logan Lerman', 'Brandon T. Jackson', 'Alexandra Daddario', 'Sean Bean', 'Pierce Brosnan', 'Steve Coogan', 'Rosario Dawson', 'Catherine Keener', 'Kevin McKidd', 'Joe Pantoliano', 'Uma Thurman']
Percy Jackson: Sea of Monsters	['Logan Lerman', 'Brandon T. Jackson', 'Alexandra Daddario', 'Jake Abel', 'Douglas Smith', 'Stanley Tucci']
Peter Pan	keyerror
	['Johnny Depp', 'Orlando Bloom', 'Keira Knightley', 'Stellan Skarsgård', 'Bill Nighy', 'Jack Davenport', 'Kevin R. McNally', 'Jonathan Pryce']
Pirates of the Caribbean: Dead Men Tell No Tales	['Johnny Depp', 'Javier Bardem', 'Geoffrey Rush', 'Brenton Thwaites', 'Kaya Scodelario', 'Kevin McNally']
Pirates of the Caribbean: On Stranger Tides	['Johnny Depp', 'Penélope Cruz', 'Ian McShane', 'Kevin R. McNally', 'Geoffrey Rush']
	error
Planet of the Apes	keyerror
Power Rangers	keyerror
	keyerror
	keyerror
Puss in Boots	keyerror
R.I.P.D.	['Jeff Bridges', 'Ryan Reynolds', 'Kevin Bacon', 'Mary-Louise Parker', 'Stéphanie Szostak']
Ralph Breaks The Internet	['John C. Reilly', 'Sarah Silverman', 'Gal Gadot', 'Taraji P. Henson', 'Jack McBrayer', 'Jane Lynch', 'Alan Tudyk', 'Alfred Molina',"Ed O'Neill"]
	['Patton Oswalt', 'Ian Holm', 'Lou Romano', 'Janeane Garofalo', 'Brad Garrett',"Peter O'Toole", 'Brian Dennehy', 'Peter Sohn', 'Will Arnett']
Real Steel	0
Rio 2	['Jesse Eisenberg', 'Anne Hathaway', 'Leslie Mann', 'Jemaine Clement', 'George Lopez', 'Jamie Foxx', 'will.i.am', 'Bruno Mars', 'Andy García', 'Tracy Morgan', 'Rodrigo Santoro', 'Jake T. Austin']
Rise of the Guardians	['Chris Pine', 'Alec Baldwin', 'Hugh Jackman', 'Isla Fisher', 'Jude Law']
Rise of the Planet of the Apes	0
Robin Hood	keyerror
Robin Hood	keyerror
RoboCop	['Peter Weller', 'Nancy Allen',"Daniel O'Herlihy", 'Ronny Cox', 'Kurtwood Smith', 'Miguel Ferrer']
	keyerror
Rush Hour 3	['Jackie Chan', 'Chris Tucker', 'Hiroyuki Sanada', 'Noémie Lenoir', 'Yvan Attal', 'Youki Kudoh', 'Max von Sydow']
Safe House	error
Sahara	keyerror
Salt	error
Scooby-Doo	0
Scott Pilgrim vs. The World	0
	keyerror
Seabiscuit	keyerror
Sherlock Holmes	keyerror
Sherlock Holmes: A Game of Shadows	['Robert Downey Jr.', 'Jude Law', 'Noomi Rapace', 'Jared Harris', 'Eddie Marsan', 'Rachel McAdams']
	0
Shrek Forever After	['Mike Myers', 'Eddie Murphy', 'Cameron Diaz', 'Antonio Banderas', 'Julie Andrews', 'John Cleese', 'Walt Dohrn', 'Jane Lynch', 'Jon Hamm', 'Craig Robinson', 'Lake Bell', 'Mary Kay Place', 'Kathy Griffin', 'Kristen Schaal']
Shrek the Third	0
	['Leonardo DiCaprio', 'Mark Ruffalo', 'Ben Kingsley', 'Michelle Williams', 'Emily Mortimer', 'Patricia Clarkson', 'Max von Sydow']
Skyfall	0
Skyscraper	error
Snow White and the Huntsman	['Kristen Stewart', 'Charlize Theron', 'Chris Hemsworth', 'Sam Claflin', 'Ian McShane', 'Bob Hoskins', 'Ray Winstone', 'Nick Frost', 'Toby Jones']
Solo: A Star Wars Story	['Alden Ehrenreich', 'Woody Harrelson', 'Emilia Clarke', 'Donald Glover', 'Thandiwe Newton', 'Phoebe Waller-Bridge', 'Joonas Suotamo', 'Paul Bettany']
	['Jack Nicholson', 'Diane Keaton', 'Keanu Reeves', 'Frances McDormand', 'Amanda Peet', 'Jon Favreau']
Sonic The Hedgehog	keyerror
Space Jam: A New Legacy	['Don Cheadle', 'Sonequa Martin-Green', 'Jeff Bergman', 'Eric Bauza', 'Zendaya']
Spectre	keyerror
Speed 2: Cruise Control	0
Speed Racer	keyerror
Spider-Man	keyerror
	['Jim Carrey', 'Gary Oldman', 'Colin Firth', 'Bob Hoskins', 'Robin Wright Penn', 'Cary Elwes']
	keyerror
	0
	error
Army of the Dead	['Dave Bautista', 'Ella Purnell', 'Omari Hardwick', 'Ana de la Reguera', 'Theo Rossi', 'Matthias Schweighöfer', 'Nora Arnezeder', 'Hiroyuki Sanada', 'Tig Notaro', 'Raúl Castillo', 'Huma Qureshi', 'Garret Dillahunt']
Arthur Christmas	['James McAvoy', 'Hugh Laurie', 'Bill Nighy', 'Jim Broadbent', 'Imelda Staunton', 'Ashley Jensen']
	error
	keyerror
	0
	['Scott Adsit', 'Ryan Potter', 'Daniel Henney', 'T.J. Miller', 'Jamie Chung', 'Damon Wayans Jr.', 'Genesis Rodriguez', 'James Cromwell', 'Maya Rudolph', 'Alan Tudyk']
	['Chadwick Boseman', 'Michael B. Jordan',"Lupita Nyong'o", 'Danai Gurira', 'Martin Freeman', 'Daniel Kaluuya', 'Letitia Wright', 'Winston Duke', 'Angela Bassett', 'Forest Whitaker', 'Andy Serkis']
Blade Runner 2049	['Ryan Gosling', 'Harrison Ford', 'Ana de Armas', 'Sylvia Hoeks', 'Robin Wright', 'Mackenzie Davis', 'Carla Juri', 'Lennie James', 'Dave Bautista', 'Jared Leto']
Blood Diamond	['Leonardo DiCaprio', 'Jennifer Connelly', 'Djimon Hounsou', 'Michael Sheen', 'Arnold Vosloo']
Charlie and the Chocolate Factory	keyerror
	['Kate Jackson', 'Farrah Fawcett', 'Jaclyn Smith', 'Cheryl Ladd', 'Shelley Hack', 'Tanya Roberts', 'David Doyle']
	['Cameron Diaz', 'Lucy Liu', 'Bernie Mac', 'Crispin Glover', 'Justin Theroux', 'Robert Patrick', 'Demi Moore']
	0
	['Sam Worthington', 'Gemma Arterton', 'Mads Mikkelsen', 'Alexa Davalos', 'Ralph Fiennes', 'Liam Neeson']
Collateral Damage	0
Cutthroat Island	['Geena Davis', 'Matthew Modine', 'Frank Langella', 'Maury Chaykin', 'Patrick Malahide', 'Stan Shaw']
	['Pierce Brosnan', 'Linda Hamilton', 'Charles Hallahan']
Dark Shadows	['Joan Bennett', 'Louis Edmonds', 'Nancy Barrett', 'Mitchell Ryan', 'Alexandra Moltke', 'Grayson Hall', 'Kate Jackson', 'Jonathan Frid', 'Kathryn Leigh Scott', 'David Selby', 'Lara Parker', 'Thayer David', 'John Karlen']
Dawn of the Planet of the Apes	['Andy Serkis', 'Jason Clarke', 'Gary Oldman', 'Keri Russell', 'Toby Kebbell', 'Kodi Smit-McPhee']
	['Shailene Woodley', 'Theo James', 'Ashley Judd', 'Jai Courtney', 'Ray Stevenson', 'Zoë Kravitz', 'Miles Teller', 'Tony Goldwyn', 'Maggie Q', 'Kate Winslet']
Doctor Strange	keyerror
	['Will Smith', 'Gene Hackman', 'Jon Voight', 'Regina King', 'Loren Dean', 'Jake Busey', 'Scott Caan', 'Barry Pepper', 'Gabriel Byrne']
Eraser	error
Exodus: Gods and Kings	['Christian Bale', 'Joel Edgerton', 'John Turturro', 'Aaron Paul', 'Ben Mendelsohn', 'Sigourney Weaver', 'Ben Kingsley']
Final Fantasy: The Spirits Within	['Ming-Na Wen', 'Alec Baldwin', 'James Woods', 'Donald Sutherland', 'Ving Rhames', 'Steve Buscemi', 'Peri Gilpin']
Finding Dory	['Ellen DeGeneres', 'Albert Brooks', 'Hayden Rolence',"Ed O'Neill", 'Kaitlin Olson', 'Ty Burrell', 'Diane Keaton', 'Eugene Levy']
Flushed Away	['Hugh Jackman', 'Kate Winslet', 'Jean Reno', 'Bill Nighy', 'Andy Serkis', 'Shane Richie', 'Ian McKellen']
Furious 7	['Paul Walker', 'Dwayne Johnson', 'Michelle Rodriguez', 'Tyrese Gibson', 'Chris “Ludacris” Bridges', 'Jordana Brewster', 'Djimon Hounsou', 'Kurt Russell', 'Jason Statham']
	keyerror
Happy Feet	['Elijah Wood', 'Robin Williams', 'Brittany Murphy', 'Hugh Jackman', 'Nicole Kidman', 'Hugo Weaving', 'Anthony LaPaglia', 'Magda Szubanski', 'Steve Irwin']
Happy Feet Two	0
Harry Potter and the Chamber of Secrets	keyerror
Harry Potter and the Order of the Phoenix	keyerror
	keyerror
	0
	keyerror
How to Train Your Dragon	keyerror
Hulk	keyerror
I, Robot	keyerror
Iron Man	keyerror
Jason Bourne	keyerror
Jumanji: The Next Level	['Jack Black', 'Kevin Hart', 'Karen Gillan', 'Nick Jonas', 'Awkwafina', 'Danny Glover', 'Danny DeVito']
Jurassic World: Fallen Kingdom	['Chris Pratt', 'Bryce Dallas Howard', 'Rafe Spall', 'Toby Jones', 'Ted Levine', 'BD Wong', 'Jeff Goldblum']
Lethal Weapon 4	['Mel Gibson', 'Danny Glover', 'Joe Pesci', 'Rene Russo', 'Chris Rock', 'Jet Li']
Lilo & Stitch	['Daveigh Chase', 'Tia Carrere', 'Ving Rhames', 'David Ogden Stiers', 'Kevin McDonald', 'Jason Scott Lee', 'Zoe Caldwell', 'Kevin Michael Richardson']
	error
Madagascar: Escape 2 Africa	['Ben Stiller', 'Chris Rock', 'David Schwimmer', 'Jada Pinkett Smith', 'Sacha Baron Cohen', 'Cedric the Entertainer', 'Andy Richter', 'Bernie Mac', 'Alec Baldwin', 'Sherri Shepherd', 'will.i.am']
Maleficent: Mistress of Evil	['Elle Fanning', 'Chiwetel Ejiofor', 'Sam Riley', 'Ed Skrein', 'Imelda Staunton', 'Juno Temple', 'Lesley Manville', 'Michelle Pfeiffer']
Men in Black: International	0
	0
	['Henry Cavill', 'Ving Rhames', 'Simon Pegg', 'Rebecca Ferguson', 'Sean Harris', 'Angela Bassett', 'Michelle Monaghan', 'Alec Baldwin']
	['Auliʻi Cravalho', 'Dwayne Johnson', 'Rachel House', 'Temuera Morrison', 'Jemaine Clement', 'Nicole Scherzinger', 'Alan Tudyk']
	error
Monsters University	0
Monsters, Inc.	['John Goodman', 'Billy Crystal', 'Steve Buscemi', 'James Coburn', 'Jennifer Tilly']
	keyerror
	['George Clooney', 'Brad Pitt', 'Matt Damon', 'Catherine Zeta-Jones', 'Andy García', 'Don Cheadle', 'Bernie Mac', 'Julia Roberts', 'Casey Affleck', 'Scott Caan', 'Vincent Cassel', 'Eddie Jemison', 'Carl Reiner', 'Elliott Gould']
	['Leonardo DiCaprio', 'Brad Pitt', 'Margot Robbie', 'Emile Hirsch', 'Margaret Qualley', 'Timothy Olyphant', 'Austin Butler', 'Dakota Fanning', 'Bruce Dern', 'Al Pacino']
	['Bruce Willis', 'Garry Shandling', 'Steve Carell', 'Wanda Sykes', 'William Shatner', 'Nick Nolte', 'Thomas Haden Church', 'Allison Janney', 'Eugene Levy',"Catherine O'Hara", 'Avril Lavigne', 'Omid Djalili', 'Brian Stepanek']
Oz the Great and Powerful	0
Pacific Rim	error
Pacific Rim: Uprising	['John Boyega', 'Scott Eastwood', 'Jing Tian', 'Cailee Spaeny', 'Rinko Kikuchi', 'Burn Gorman', 'Adria Arjona', 'Max Zhang', 'Charlie Day']
	0
	['Johnny Depp', 'Orlando Bloom', 'Keira Knightley', 'Stellan Skarsgård', 'Bill Nighy', 'Chow Yun-fat', 'Geoffrey Rush', 'Jack Davenport', 'Kevin R. McNally', 'Jonathan Pryce']
Point Break	['Patrick Swayze', 'Keanu Reeves', 'Gary Busey', 'Lori Petty']
Poseidon	0
Prometheus	keyerror
	error
Quantum of Solace	['Daniel Craig', 'Olga Kurylenko', 'Mathieu Amalric', 'Giancarlo Giannini', 'Jeffrey Wright', 'Judi Dench']
	0
Ready Player One	keyerror
Road to Perdition	['Tom Hanks', 'Paul Newman', 'Jude Law', 'Jennifer Jason Leigh', 'Stanley Tucci', 'Daniel Craig']
	['Felicity Jones', 'Diego Luna', 'Ben Mendelsohn', 'Donnie Yen', 'Mads Mikkelsen', 'Alan Tudyk', 'Jiang Wen', 'Forest Whitaker', 'Riz Ahmed']
Rush Hour 2	['Jackie Chan', 'Chris Tucker', 'John Lone', 'Alan King', 'Roselyn Sánchez', 'Harris Yulin', 'Zhang Ziyi']
	0
Sex and the City 2	['Kim Cattrall', 'Kristin Davis', 'Cynthia Nixon', 'John Corbett', 'Chris Noth']
Son of the Mask	['Jamie Kennedy', 'Alan Cumming', 'Traylor Howard', 'Steven Wright', 'Kal Penn', 'Bob Hoskins']
Spies in Disguise	['Will Smith', 'Tom Holland', 'Rashida Jones', 'Ben Mendelsohn', 'Reba McEntire', 'Rachel Brosnahan', 'Karen Gillan', 'DJ Khaled', 'Masi Oka']
Superman Returns	['Brandon Routh', 'Kate Bosworth', 'James Marsden', 'Frank Langella', 'Eva Marie Saint', 'Parker Posey', 'Kal Penn', 'Sam Huntington', 'Kevin Spacey']
Terminator 2: Judgment Day	['Arnold Schwarzenegger', 'Linda Hamilton', 'Robert Patrick']
Terminator 3: Rise of the Machines	['Arnold Schwarzenegger', 'Nick Stahl', 'Claire Danes', 'Kristanna Loken']
	['Arnold Schwarzenegger', 'Jason Clarke', 'Emilia Clarke', 'Jai Courtney', 'J. K. Simmons', 'Dayo Okeniyi', 'Matt Smith', 'Courtney B. Vance', 'Michael Gladis', 'Sandrine Holt', 'Lee Byung-hun']
Terminator Salvation	['Christian Bale', 'Sam Worthington', 'Anton Yelchin', 'Moon Bloodgood', 'Bryce Dallas Howard', 'Common', 'Jane Alexander', 'Helena Bonham Carter']
Terminator: Dark Fate	['Linda Hamilton', 'Arnold Schwarzenegger', 'Mackenzie Davis', 'Natalia Reyes', 'Gabriel Luna', 'Diego Boneta']
The Adventures of Pluto Nash	['Eddie Murphy', 'Randy Quaid', 'Rosario Dawson', 'Joe Pantoliano', 'Jay Mohr', 'Luis Guzmán', 'James Rebhorn', 'Peter Boyle', 'Pam Grier', 'John Cleese']
The A-Team	0
	['Matt Damon', 'Franka Potente', 'Brian Cox', 'Julia Stiles', 'Karl Urban', 'Gabriel Mann', 'Joan Allen']
	['William Moseley', 'Anna Popplewell', 'Skandar Keynes', 'Georgie Henley', 'Tilda Swinton', 'James McAvoy', 'Jim Broadbent', 'Liam Neeson']
The Departed	['Leonardo DiCaprio', 'Matt Damon', 'Jack Nicholson', 'Mark Wahlberg', 'Martin Sheen', 'Ray Winstone', 'Vera Farmiga', 'Alec Baldwin']
	['Harrison Ford', 'Brad Pitt', 'Margaret Colin', 'Rubén Blades', 'Treat Williams', 'George Hearn']
The Fate of the Furious	['Dwayne Johnson', 'Jason Statham', 'Michelle Rodriguez', 'Tyrese Gibson', 'Chris "Ludacris" Bridges', 'Scott Eastwood', 'Nathalie Emmanuel', 'Elsa Pataky', 'Kurt Russell', 'Charlize Theron']
	['Rooney Mara', 'Daniel Craig', 'Christopher Plummer', 'Stellan Skarsgård', 'Steven Berkoff', 'Robin Wright', 'Yorick van Wageningen', 'Joely Richardson']
	['Nicole Kidman', 'Sam Elliott', 'Eva Green', 'Ian McKellen', 'Ian McShane', 'Freddie Highmore', 'Kathy Bates', 'Kristin Scott Thomas', 'Daniel Craig', 'Dakota Blue Richards']
The Holiday	['Cameron Diaz', 'Kate Winslet', 'Jude Law', 'Jack Black', 'Eli Wallach', 'Edward Burns', 'Rufus Sewell']
The Hunger Games: Catching Fire	0
	['Edward Norton', 'Liv Tyler', 'Tim Roth', 'Tim Blake Nelson', 'Ty Burrell', 'William Hurt']
The LEGO Movie 2: The Second Part	['Chris Pratt', 'Elizabeth Banks', 'Will Arnett', 'Tiffany Haddish', 'Stephanie Beatriz', 'Charlie Day', 'Alison Brie', 'Nick Offerman', 'Maya Rudolph', 'Will Ferrell']
	['Adam Sandler', 'Chris Rock', 'James Cromwell', 'Nelly', 'William Fichtner', 'Burt Reynolds']
The Lord of the Rings: The Fellowship of the Ring	0
The Meg	['Jason Statham', 'Li Bingbing', 'Rainn Wilson', 'Ruby Rose', 'Winston Chao', 'Cliff Curtis']
The Nutcracker and the Four Realms	0
The Nutcracker in 3D	['Elle Fanning', 'Nathan Lane', 'Frances de la Tour', 'John Turturro', 'Richard E. Grant', 'Julia Vysotskaya']
The Other Guys	['Mark Wahlberg', 'Eva Mendes', 'Michael Keaton', 'Steve Coogan', 'Ray Stevenson', 'Samuel L. Jackson', 'Dwayne Johnson']
The Princess and the Frog	['Anika Noni Rose', 'Bruno Campos', 'Keith David', 'Michael-Leon Wooley', 'Jim Cummings', 'Jennifer Cody', 'Peter Bartlett', 'Jenifer Lewis', 'Oprah Winfrey', 'Terrence Howard', 'John Goodman']
	0
	['Kristen Stewart', 'Robert Pattinson', 'Taylor Lautner', 'Billy Burke', 'Peter Facinelli', 'Elizabeth Reaser', 'Kellan Lutz', 'Nikki Reed', 'Jackson Rathbone', 'Ashley Greene', 'Michael Sheen', 'Dakota Fanning']
Tomorrow Never Dies	['Pierce Brosnan', 'Jonathan Pryce', 'Michelle Yeoh', 'Teri Hatcher', 'Joe Don Baker', 'Judi Dench']
Toy Story 3	0
Transformers: Dark of the Moon	['Shia LaBeouf', 'Josh Duhamel', 'John Turturro', 'Tyrese Gibson', 'Rosie Huntington-Whiteley', 'Patrick Dempsey', 'Kevin Dunn', 'Julie White', 'John Malkovich', 'Frances McDormand']
Tron: Legacy	0
Valerian and the City of a Thousand Planets	['Dane DeHaan', 'Cara Delevingne', 'Clive Owen', 'Rihanna', 'Ethan Hawke', 'Herbie Hancock', 'Kris Wu', 'Rutger Hauer']
Valkyrie	error
Venom	error
War for the Planet of the Apes	['Andy Serkis', 'Woody Harrelson', 'Steve Zahn']
	['Patrick Stewart', 'Hugh Jackman', 'Ian McKellen', 'Halle Berry', 'Famke Janssen', 'James Marsden', 'Rebecca Romijn-Stamos', 'Brian Cox', 'Alan Cumming', 'Bruce Davison', 'Anna Paquin']
	keyerror
	0
	0
	0
	0
Spider-Man 3	['Tobey Maguire', 'Kirsten Dunst', 'James Franco', 'Thomas Haden Church', 'Topher Grace', 'Bryce Dallas Howard', 'James Cromwell', 'Rosemary Harris', 'J. K. Simmons']
Spider-Man: Far From Home	0
Spider-Man: Homecoming	['Tom Holland', 'Michael Keaton', 'Jon Favreau', 'Gwyneth Paltrow', 'Zendaya', 'Donald Glover', 'Jacob Batalon', 'Laura Harrier', 'Tony Revolori', 'Bokeem Woodbine', 'Tyne Daly', 'Marisa Tomei', 'Robert Downey Jr.']
	['Shameik Moore', 'Jake Johnson', 'Hailee Steinfeld', 'Mahershala Ali', 'Brian Tyree Henry', 'Lily Tomlin', 'Luna Lauren Velez', 'John Mulaney', 'Kimiko Glenn', 'Nicolas Cage', 'Liev Schreiber']
Spy Game	['Robert Redford', 'Brad Pitt', 'Catherine McCormack', 'Stephen Dillane', 'Larry Bryggman']
Star Trek	keyerror
Star Trek Beyond	['Chris Pine', 'John Cho', 'Simon Pegg', 'Zachary Quinto', 'Zoe Saldana', 'Karl Urban', 'Anton Yelchin', 'Idris Elba']
Star Trek Into Darkness	['John Cho', 'Benedict Cumberbatch', 'Alice Eve', 'Bruce Greenwood', 'Simon Pegg', 'Chris Pine', 'Zachary Quinto', 'Zoe Saldana', 'Karl Urban', 'Peter Weller', 'Anton Yelchin']
	keyerror
	['Ewan McGregor', 'Natalie Portman', 'Hayden Christensen', 'Ian McDiarmid', 'Samuel L. Jackson', 'Christopher Lee', 'Anthony Daniels', 'Kenny Baker', 'Frank Oz']
	['Harrison Ford', 'Mark Hamill', 'Carrie Fisher', 'Adam Driver', 'Daisy Ridley', 'John Boyega', 'Oscar Isaac',"Lupita Nyong'o", 'Andy Serkis', 'Domhnall Gleeson', 'Anthony Daniels', 'Peter Mayhew', 'Max von Sydow']
Star Wars: The Rise of Skywalker	['Carrie Fisher', 'Mark Hamill', 'Adam Driver', 'Daisy Ridley', 'John Boyega', 'Oscar Isaac', 'Anthony Daniels', 'Naomi Ackie', 'Domhnall Gleeson', 'Richard E. Grant',"Lupita Nyong'o", 'Keri Russell', 'Joonas Suotamo', 'Kelly Marie Tran', 'Ian McDiarmid', 'Billy Dee Williams']
Starship Troopers	keyerror
Stuart Little	keyerror
Stuart Little 2	['Michael J. Fox', 'Melanie Griffith', 'Nathan Lane', 'Geena Davis', 'Hugh Laurie', 'Jonathan Lipnicki', 'James Woods', 'Steve Zahn']
	['Shia LaBeouf', 'Jeff Bridges', 'Zooey Deschanel', 'Jon Heder', 'James Woods', 'Diedrich Bader']
Tangled	['Mandy Moore', 'Zachary Levi', 'Donna Murphy']
Tarzan	keyerror
Teenage Mutant Ninja Turtles	keyerror
Teenage Mutant Ninja Turtles: Out of the Shadows	0
The 13th Warrior	['Antonio Banderas', 'Diane Venora', 'Omar Sharif']
The 6th Day	['Michael Rapaport', 'Tony Goldwyn', 'Michael Rooker', 'Sarah Wynter', 'Robert Duvall']
The Adventures of Tintin	keyerror
The Amazing Spider-Man	keyerror
The Amazing Spider-Man 2	0
The Amazing Spider-Man 2	0
The BFG	keyerror
The Boss Baby	['Alec Baldwin', 'Steve Buscemi', 'Jimmy Kimmel', 'Lisa Kudrow']
The Boss Baby: Family Business	['Alec Baldwin', 'James Marsden', 'Amy Sedaris', 'Jeff Goldblum', 'Eva Longoria', 'Jimmy Kimmel', 'Lisa Kudrow']
	['Jeremy Renner', 'Rachel Weisz', 'Edward Norton', 'Albert Finney', 'Joan Allen', 'Stacey Keach', 'Oscar Isaac', 'Scott Glenn']
	0
The Call of the Wild	keyerror
The Cat in the Hat	keyerror
The Chronicles of Narnia: Prince Caspian	['Georgie Henley', 'Skandar Keynes', 'William Moseley', 'Anna Popplewell']
The Chronicles of Riddick	['Vin Diesel', 'Colm Feore', 'Keith David', 'Karl Urban', 'Thandiwe Newton', 'Alexa Davalos', 'Judi Dench', 'Linus Roache', 'Nick Chinlund', 'Yorick van Wageningen']
The Core	0
The Croods	['Nicolas Cage', 'Emma Stone', 'Ryan Reynolds', 'Catherine Keener', 'Cloris Leachman', 'Clark Duke']
	0
The Da Vinci Code	keyerror
The Dark Knight Rises	['Christian Bale', 'Michael Caine', 'Gary Oldman', 'Anne Hathaway', 'Tom Hardy', 'Marion Cotillard', 'Joseph Gordon-Levitt', 'Morgan Freeman']
The Dark Knight Rises	['Christian Bale', 'Michael Caine', 'Gary Oldman', 'Anne Hathaway', 'Tom Hardy', 'Marion Cotillard', 'Joseph Gordon-Levitt', 'Morgan Freeman']
The Day After Tomorrow	['Dennis Quaid', 'Jake Gyllenhaal', 'Ian Holm', 'Emmy Rossum', 'Sela Ward']
The Divergent Series: Allegiant	0
The Divergent Series: Insurgent	['Shailene Woodley', 'Theo James', 'Octavia Spencer', 'Jai Courtney', 'Ray Stevenson', 'Zoë Kravitz', 'Miles Teller', 'Ansel Elgort', 'Maggie Q', 'Naomi Watts', 'Kate Winslet']
	['David Spade', 'John Goodman', 'Eartha Kitt', 'Patrick Warburton', 'Wendie Malick']
The Expendables 2	['Jason Statham', 'Jet Li', 'Dolph Lundgren', 'Chuck Norris', 'Jean-Claude Van Damme', 'Bruce Willis', 'Arnold Schwarzenegger', 'Terry Crews', 'Randy Couture', 'Liam Hemsworth', 'Scott Adkins', 'Amanda Ooms', 'Charisma Carpenter']
The Expendables 2	['Jason Statham', 'Jet Li', 'Dolph Lundgren', 'Chuck Norris', 'Jean-Claude Van Damme', 'Bruce Willis', 'Arnold Schwarzenegger', 'Terry Crews', 'Randy Couture', 'Liam Hemsworth', 'Scott Adkins', 'Amanda Ooms', 'Charisma Carpenter']
The Expendables 3	['Jason Statham', 'Antonio Banderas', 'Jet Li', 'Wesley Snipes', 'Dolph Lundgren', 'Kelsey Grammer', 'Randy Couture', 'Terry Crews', 'Kellan Lutz', 'Ronda Rousey', 'Glen Powell', 'Victor Ortiz', 'Robert Davi', 'Mel Gibson', 'Harrison Ford', 'Arnold Schwarzenegger']
The Fast and the Furious: Tokyo Drift	['Lucas Black', 'Bow Wow', 'Nathalie Kelley', 'Sung Kang', 'Brian Tee']
The Fifth Element	0
	['Christian Bale', 'Ni Ni', 'Zhang Xinyi', 'Tong Dawei', 'Atsuro Watabe', 'Shigeo Kobayashi']
The Good Dinosaur	['Raymond Ochoa', 'Sam Elliott', 'Anna Paquin', 'A.J. Buckley', 'Steve Zahn', 'Jeffrey Wright', 'Frances McDormand']
The Great Gatsby	keyerror
The Greatest Showman	0
The Hangover Part II	['Bradley Cooper', 'Ed Helms', 'Zach Galifianakis', 'Ken Jeong', 'Jeffrey Tambor', 'Justin Bartha', 'Paul Giamatti']
	['Bradley Cooper', 'Ed Helms', 'Zach Galifianakis', 'Ken Jeong', 'Heather Graham', 'Jeffrey Tambor', 'Justin Bartha', 'John Goodman']
The Haunted Mansion	keyerror
The Hobbit: An Unexpected Journey	0
The Hobbit: The Battle of the Five Armies	['Ian McKellen', 'Martin Freeman', 'Richard Armitage', 'Evangeline Lilly', 'Lee Pace', 'Luke Evans', 'Benedict Cumberbatch', 'Ken Stott', 'James Nesbitt', 'Cate Blanchett', 'Ian Holm', 'Christopher Lee', 'Hugo Weaving', 'Orlando Bloom']
The Hobbit: The Desolation of Smaug	['Ian McKellen', 'Martin Freeman', 'Richard Armitage', 'Benedict Cumberbatch', 'Evangeline Lilly', 'Lee Pace', 'Luke Evans', 'Ken Stott', 'James Nesbitt', 'Orlando Bloom']
	keyerror
The Hunger Games	keyerror
	['Jennifer Lawrence', 'Josh Hutcherson', 'Liam Hemsworth', 'Woody Harrelson', 'Elizabeth Banks', 'Julianne Moore', 'Philip Seymour Hoffman', 'Jeffrey Wright', 'Stanley Tucci', 'Donald Sutherland']
	0
	['Chris Hemsworth', 'Charlize Theron', 'Emily Blunt', 'Nick Frost', 'Sam Claflin', 'Rob Brydon', 'Sheridan Smith', 'Jessica Chastain']
The Incredibles	0
The Interpreter	['Nicole Kidman', 'Sean Penn', 'Catherine Keener']
The Irishman	0
The Jungle Book	keyerror
The Last Samurai	['Timothy Spall', 'Ken Watanabe', 'Billy Connolly', 'Tony Goldwyn', 'Hiroyuki Sanada', 'Koyuki']
	['Alexander Skarsgård', 'Samuel L. Jackson', 'Margot Robbie', 'Djimon Hounsou', 'Jim Broadbent', 'Christoph Waltz']
The Lego Batman Movie	['Will Arnett', 'Zach Galifianakis', 'Michael Cera', 'Rosario Dawson', 'Ralph Fiennes']
The Lion King	['Matthew Broderick', 'Jonathan Taylor Thomas', 'James Earl Jones', 'Jeremy Irons', 'Moira Kelly', 'Ernie Sabella', 'Nathan Lane', 'Robert Guillaume', 'Rowan Atkinson', 'Whoopi Goldberg', 'Cheech Marin', 'Jim Cummings', 'Madge Sinclair']
The Lord of the Rings: The Return of the King	0
The Lord of the Rings: The Two Towers	0
	0
The Magnificent Seven	['Yul Brynner', 'Eli Wallach', 'Steve McQueen', 'Charles Bronson', 'Robert Vaughn', 'Horst Buchholz']
The Matrix Reloaded	['Keanu Reeves', 'Laurence Fishburne', 'Carrie-Anne Moss', 'Hugo Weaving', 'Jada Pinkett Smith', 'Gloria Foster']
The Matrix Revolutions	['Keanu Reeves', 'Laurence Fishburne', 'Carrie-Anne Moss', 'Hugo Weaving', 'Jada Pinkett Smith']
The Mummy Returns	['Brendan Fraser', 'Rachel Weisz', 'John Hannah', 'Arnold Vosloo', 'Oded Fehr', 'Patricia Velásquez', 'Freddie Boath', 'Alun Armstrong', 'The Rock']
The Mummy: Tomb of the Dragon Emperor	['Brendan Fraser', 'Jet Li', 'Maria Bello', 'John Hannah', 'Russell Wong', 'Liam Cunningham', 'Luke Ford', 'Isabella Leong', 'Michelle Yeoh']
The Peanuts Movie	['Noah Schnapp', 'Francesca Angelucci Capaldi', 'Troy "Trombone Shorty" Andrews', 'Kristin Chenoweth', 'Bill Melendez']
	['George Clooney', 'Mark Wahlberg', 'Diane Lane', 'John Hawkes', 'William Fichtner', 'Karen Allen', 'Bob Gunton', 'Mary Elizabeth Mastrantonio', 'John C. Reilly']
	['Tom Hanks', 'Daryl Sabara', 'Nona Gaye', 'Jimmy Bennett', 'Eddie Deezen']
	['Boyd Holbrook', 'Trevante Rhodes', 'Jacob Tremblay', 'Keegan-Michael Key', 'Olivia Munn', 'Thomas Jane', 'Alfie Allen', 'Sterling K. Brown']
	0
The Road to El Dorado	0
The Rundown	['Dwayne Johnson', 'Seann William Scott', 'Christopher Walken', 'Rosario Dawson', 'Ewen Bremner', 'William Lucking']
The Secret Life of Pets 2	['Patton Oswalt', 'Kevin Hart', 'Eric Stonestreet', 'Jenny Slate', 'Tiffany Haddish', 'Lake Bell', 'Nick Kroll', 'Dana Carvey', 'Ellie Kemper', 'Chris Renaud', 'Hannibal Buress', 'Bobby Moynihan', 'Harrison Ford']
The Secret Life of Walter Mitty	keyerror
The Smurfs	keyerror
The Smurfs 2	0
The Spiderwick Chronicles	0
The Stepford Wives	keyerror
	['Margot Robbie', 'Idris Elba', 'John Cena', 'Joel Kinnaman', 'Sylvester Stallone', 'Viola Davis', 'Jai Courtney', 'Peter Capaldi']
	0
The Three Musketeers	keyerror
	['Kristen Stewart', 'Robert Pattinson', 'Taylor Lautner', 'Billy Burke', 'Peter Facinelli', 'Elizabeth Reaser', 'Kellan Lutz', 'Nikki Reed', 'Jackson Rathbone', 'Ashley Greene']
	0
	['Jonah Hill', 'Margot Robbie', 'Matthew McConaughey', 'Kyle Chandler', 'Rob Reiner', 'Jon Favreau', 'Jean Dujardin', 'Jon Bernthal']
	['Anthony Hopkins', 'Emily Blunt', 'Hugo Weaving']
The World is Not Enough	0
Thor	error
Thor: Ragnarok	['Chris Hemsworth', 'Tom Hiddleston', 'Cate Blanchett', 'Idris Elba', 'Jeff Goldblum', 'Tessa Thompson', 'Karl Urban', 'Mark Ruffalo', 'Anthony Hopkins']
Thor: The Dark World	['Chris Hemsworth', 'Natalie Portman', 'Tom Hiddleston', 'Anthony Hopkins', 'Stellan Skarsgård', 'Idris Elba', 'Christopher Eccleston', 'Adewale Akinnuoye-Agbaje', 'Kat Dennings', 'Ray Stevenson', 'Zachary Levi', 'Tadanobu Asano', 'Jaimie Alexander', 'Rene Russo']
	keyerror
Titanic	keyerror
Tomb Raider	keyerror
Tomorrowland	keyerror
Top Gun: Maverick	['Miles Teller', 'Jennifer Connelly', 'Jon Hamm', 'Glen Powell', 'Lewis Pullman', 'Ed Harris', 'Val Kilmer']
	['Arnold Schwarzenegger', 'Rachel Ticotin', 'Sharon Stone', 'Michael Ironside', 'Ronny Cox']
Tower Heist	['Ben Stiller', 'Casey Affleck', 'Alan Alda', 'Matthew Broderick', 'Judd Hirsch', 'Téa Leoni', 'Michael Peña', 'Gabourey Sidibe']
Toy Story 2	['Tom Hanks', 'Tim Allen']
Toy Story 4	['Tom Hanks', 'Tim Allen', 'Annie Potts', 'Tony Hale', 'Keegan-Michael Key', 'Christina Hendricks', 'Jordan Peele', 'Keanu Reeves', 'Ally Maki', 'Jay Hernandez', 'Lori Alan', 'Joan Cusack', 'Wallace Shawn', 'John Ratzenberger', 'Blake Clark', 'Don Rickles', 'Estelle Harris', 'Bonnie Hunt', 'Jeff Garlin', 'Kristen Schaal', 'Timothy Dalton']
Transformers	keyerror
Transformers: Age of Extinction	['Mark Wahlberg', 'Stanley Tucci']
Transformers: Revenge of the Fallen	['Shia LaBeouf', 'Megan Fox', 'Josh Duhamel', 'Tyrese Gibson', 'John Turturro']
Transformers: The Last Knight	['Mark Wahlberg', 'Josh Duhamel', 'Stanley Tucci', 'Anthony Hopkins']
Treasure Planet	['Joseph Gordon-Levitt', 'Brian Murray', 'Emma Thompson', 'David Hyde Pierce', 'Martin Short', 'Michael Wincott', 'Laurie Metcalf', 'Roscoe Lee Browne']
	error
Tropic Thunder	['Jack Black', 'Robert Downey Jr.', 'Steve Coogan', 'Jay Baruchel', 'Danny McBride', 'Brandon T. Jackson', 'Bill Hader', 'Nick Nolte']
Troy	keyerror
True Lies	['Arnold Schwarzenegger', 'Jamie Lee Curtis', 'Tom Arnold', 'Bill Paxton', 'Art Malik', 'Tia Carrere']
	0
Volcano	error
WALL-E	['Ben Burtt', 'Elissa Knight', 'Jeff Garlin', 'Fred Willard', 'John Ratzenberger', 'Kathy Najimy', 'Sigourney Weaver']
Warcraft	0
Watchmen	keyerror
Waterworld	['Dennis Hopper', 'Jeanne Tripplehorn', 'Tina Majorino', 'Michael Jeter']
What Lies Beneath	['Harrison Ford', 'Michelle Pfeiffer', 'Diana Scarwid']
Where the Wild Things Are	keyerror
White House Down	['Channing Tatum', 'Jamie Foxx', 'Maggie Gyllenhaal', 'Jason Clarke', 'Richard Jenkins', 'James Woods']
Wild Wild West	['Will Smith', 'Kevin Kline', 'Kenneth Branagh', 'Salma Hayek']
Windtalkers	['Nicolas Cage', 'Adam Beach', 'Peter Stormare', 'Noah Emmerich', 'Mark Ruffalo', 'Brian van Holt',"Frances O'Connor", 'Christian Slater']
	keyerror
Wonder Park	['Jennifer Garner', 'Matthew Broderick', 'John Oliver', 'Mila Kunis', 'Kenan Thompson', 'Ken Jeong', 'Norbert Leo Butz', 'Ken Hudson Campbell']
Wonder Woman	keyerror
Wonder Woman 1984	['Chris Pine', 'Kristen Wiig', 'Pedro Pascal', 'Robin Wright', 'Connie Nielsen']
World War Z	keyerror
Wrath of the Titans	['Sam Worthington', 'Rosamund Pike', 'Bill Nighy', 'Édgar Ramírez', 'Toby Kebbell', 'Danny Huston', 'Ralph Fiennes', 'Liam Neeson']
Wreck-It Ralph	['John C. Reilly', 'Sarah Silverman', 'Jack McBrayer', 'Jane Lynch', 'Alan Tudyk']
X-Men Origins: Wolverine	['Hugh Jackman', 'Liev Schreiber', 'Danny Huston', 'Dominic Monaghan', 'Ryan Reynolds']
X-Men: Apocalypse	['James McAvoy', 'Michael Fassbender', 'Jennifer Lawrence', 'Oscar Isaac', 'Nicholas Hoult', 'Rose Byrne', 'Tye Sheridan', 'Sophie Turner', 'Olivia Munn', 'Lucas Till']
X-Men: Days of Future Past	0
X-Men: First Class	0
X-Men: The Last Stand	['Hugh Jackman', 'Halle Berry', 'Ian McKellen', 'Famke Janssen', 'Anna Paquin', 'Kelsey Grammer', 'James Marsden', 'Rebecca Romijn', 'Shawn Ashmore', 'Aaron Stanford', 'Vinnie Jones', 'Patrick Stewart']
xXx: Return of Xander Cage	0
Yogi Bear	keyerror
	['John Turturro', 'Emmanuelle Chriqui', 'Nick Swardson', 'Lainie Kazan', 'Rob Schneider']
Zodiac	0
	
	
	
	
	
	
	
	
	
	
	
	
	
	
	
	
	
	
	
	
	
	
	
	
	
	
	
	
	
	
	
	
	
